{
  "0.4": {
    "b5000d100.csv": {
      "RandomForestClassifier()": {
        "Accuracy": 0.5110648148148148,
        "Balanced Accuracy": 0.5110648148148148,
        "F1 Micro": 0.5110648148148148,
        "Precision Micro": 0.5110648148148148,
        "Recall Micro": 0.5110648148148148,
        "Runtime": 0.9576240430000009
      },
      "GradientBoostingClassifier()": {
        "Accuracy": 0.37050925925925926,
        "Balanced Accuracy": 0.3705092592592593,
        "F1 Micro": 0.37050925925925926,
        "Precision Micro": 0.37050925925925926,
        "Recall Micro": 0.37050925925925926,
        "Runtime": 7.092932783
      },
      "DecisionTreeClassifier()": {
        "Accuracy": 0.46305555555555555,
        "Balanced Accuracy": 0.46305555555555555,
        "F1 Micro": 0.46305555555555555,
        "Precision Micro": 0.46305555555555555,
        "Recall Micro": 0.46305555555555555,
        "Runtime": 0.024589085999998872
      },
      "MLPClassifier()": {
        "Accuracy": 0.31504629629629627,
        "Balanced Accuracy": 0.31504629629629627,
        "F1 Micro": 0.31504629629629627,
        "Precision Micro": 0.31504629629629627,
        "Recall Micro": 0.31504629629629627,
        "Runtime": 4.852031237999999
      },
      "LinearSVC()": {
        "Accuracy": 0.31810185185185186,
        "Balanced Accuracy": 0.31810185185185186,
        "F1 Micro": 0.31810185185185186,
        "Precision Micro": 0.31810185185185186,
        "Recall Micro": 0.31810185185185186,
        "Runtime": 0.0946642010000005
      }
    },
    "b5000d30.csv": {
      "RandomForestClassifier()": {
        "Accuracy": 0.490462962962963,
        "Balanced Accuracy": 0.49046296296296293,
        "F1 Micro": 0.490462962962963,
        "Precision Micro": 0.490462962962963,
        "Recall Micro": 0.490462962962963,
        "Runtime": 0.9918295830000012
      },
      "GradientBoostingClassifier()": {
        "Accuracy": 0.4885185185185185,
        "Balanced Accuracy": 0.4885185185185186,
        "F1 Micro": 0.4885185185185185,
        "Precision Micro": 0.4885185185185185,
        "Recall Micro": 0.4885185185185185,
        "Runtime": 7.144931772
      },
      "DecisionTreeClassifier()": {
        "Accuracy": 0.43800925925925926,
        "Balanced Accuracy": 0.43800925925925926,
        "F1 Micro": 0.43800925925925926,
        "Precision Micro": 0.43800925925925926,
        "Recall Micro": 0.43800925925925926,
        "Runtime": 0.019905941000001093
      },
      "MLPClassifier()": {
        "Accuracy": 0.30592592592592593,
        "Balanced Accuracy": 0.30592592592592593,
        "F1 Micro": 0.30592592592592593,
        "Precision Micro": 0.30592592592592593,
        "Recall Micro": 0.30592592592592593,
        "Runtime": 4.932522834999997
      },
      "LinearSVC()": {
        "Accuracy": 0.29217592592592595,
        "Balanced Accuracy": 0.29217592592592595,
        "F1 Micro": 0.29217592592592595,
        "Precision Micro": 0.29217592592592595,
        "Recall Micro": 0.29217592592592595,
        "Runtime": 0.1013944500000008
      }
    },
    "b100d10.csv": {
      "RandomForestClassifier()": {
        "Accuracy": 0.5838888888888889,
        "Balanced Accuracy": 0.5838888888888889,
        "F1 Micro": 0.5838888888888889,
        "Precision Micro": 0.5838888888888889,
        "Recall Micro": 0.5838888888888889,
        "Runtime": 0.7569739980000065
      },
      "GradientBoostingClassifier()": {
        "Accuracy": 0.5231018518518519,
        "Balanced Accuracy": 0.5231018518518519,
        "F1 Micro": 0.5231018518518519,
        "Precision Micro": 0.5231018518518519,
        "Recall Micro": 0.5231018518518519,
        "Runtime": 5.265185046999996
      },
      "DecisionTreeClassifier()": {
        "Accuracy": 0.6923611111111111,
        "Balanced Accuracy": 0.6923611111111111,
        "F1 Micro": 0.6923611111111111,
        "Precision Micro": 0.6923611111111111,
        "Recall Micro": 0.6923611111111111,
        "Runtime": 0.025136890999995387
      },
      "MLPClassifier()": {
        "Accuracy": 0.43166666666666664,
        "Balanced Accuracy": 0.4316666666666667,
        "F1 Micro": 0.43166666666666664,
        "Precision Micro": 0.43166666666666664,
        "Recall Micro": 0.43166666666666664,
        "Runtime": 3.469649171999997
      },
      "LinearSVC()": {
        "Accuracy": 0.485462962962963,
        "Balanced Accuracy": 0.485462962962963,
        "F1 Micro": 0.485462962962963,
        "Precision Micro": 0.485462962962963,
        "Recall Micro": 0.485462962962963,
        "Runtime": 0.07715502799999996
      }
    },
    "b1000d10.csv": {
      "RandomForestClassifier()": {
        "Accuracy": 0.5206481481481482,
        "Balanced Accuracy": 0.5206481481481481,
        "F1 Micro": 0.5206481481481482,
        "Precision Micro": 0.5206481481481482,
        "Recall Micro": 0.5206481481481482,
        "Runtime": 0.7909750749999986
      },
      "GradientBoostingClassifier()": {
        "Accuracy": 0.3279166666666667,
        "Balanced Accuracy": 0.3279166666666667,
        "F1 Micro": 0.3279166666666667,
        "Precision Micro": 0.3279166666666667,
        "Recall Micro": 0.3279166666666667,
        "Runtime": 6.663266487000001
      },
      "DecisionTreeClassifier()": {
        "Accuracy": 0.5674537037037037,
        "Balanced Accuracy": 0.5674537037037036,
        "F1 Micro": 0.5674537037037037,
        "Precision Micro": 0.5674537037037037,
        "Recall Micro": 0.5674537037037037,
        "Runtime": 0.019123585999999193
      },
      "MLPClassifier()": {
        "Accuracy": 0.357962962962963,
        "Balanced Accuracy": 0.357962962962963,
        "F1 Micro": 0.357962962962963,
        "Precision Micro": 0.357962962962963,
        "Recall Micro": 0.357962962962963,
        "Runtime": 4.5407314720000045
      },
      "LinearSVC()": {
        "Accuracy": 0.37060185185185185,
        "Balanced Accuracy": 0.37060185185185185,
        "F1 Micro": 0.37060185185185185,
        "Precision Micro": 0.37060185185185185,
        "Recall Micro": 0.37060185185185185,
        "Runtime": 0.049704311999988704
      }
    },
    "b1000d100.csv": {
      "RandomForestClassifier()": {
        "Accuracy": 0.534212962962963,
        "Balanced Accuracy": 0.534212962962963,
        "F1 Micro": 0.534212962962963,
        "Precision Micro": 0.534212962962963,
        "Recall Micro": 0.534212962962963,
        "Runtime": 0.8663377889999992
      },
      "GradientBoostingClassifier()": {
        "Accuracy": 0.4840277777777778,
        "Balanced Accuracy": 0.4840277777777778,
        "F1 Micro": 0.4840277777777778,
        "Precision Micro": 0.4840277777777778,
        "Recall Micro": 0.4840277777777778,
        "Runtime": 6.594823340000005
      },
      "DecisionTreeClassifier()": {
        "Accuracy": 0.1674074074074074,
        "Balanced Accuracy": 0.16740740740740742,
        "F1 Micro": 0.1674074074074074,
        "Precision Micro": 0.1674074074074074,
        "Recall Micro": 0.1674074074074074,
        "Runtime": 0.019461919000008265
      },
      "MLPClassifier()": {
        "Accuracy": 0.33425925925925926,
        "Balanced Accuracy": 0.33425925925925926,
        "F1 Micro": 0.33425925925925926,
        "Precision Micro": 0.33425925925925926,
        "Recall Micro": 0.33425925925925926,
        "Runtime": 4.252444729000004
      },
      "LinearSVC()": {
        "Accuracy": 0.32555555555555554,
        "Balanced Accuracy": 0.32555555555555554,
        "F1 Micro": 0.32555555555555554,
        "Precision Micro": 0.32555555555555554,
        "Recall Micro": 0.32555555555555554,
        "Runtime": 0.09695627700000387
      }
    },
    "b100d100.csv": {
      "RandomForestClassifier()": {
        "Accuracy": 0.3998611111111111,
        "Balanced Accuracy": 0.39986111111111117,
        "F1 Micro": 0.3998611111111111,
        "Precision Micro": 0.3998611111111111,
        "Recall Micro": 0.3998611111111111,
        "Runtime": 0.6952333809999942
      },