{"expanse": {"cubic": {"b1000d60": {"RandomForestClassifier()": 0.9209999999999999, "GradientBoostingClassifier()": 0.9209999999999999, "DecisionTreeClassifier()": 0.8959999999999999, "LinearSVC()": 0.891, "MLPClassifier()": 0.9030000000000001}}, "htcp": {"b1000d60": {"RandomForestClassifier()": 0.945, "GradientBoostingClassifier()": 0.9550000000000001, "DecisionTreeClassifier()": 0.9419999999999998, "LinearSVC()": 0.9019999999999999, "MLPClassifier()": 0.913}}, "bbr": {"b1000d60": {"RandomForestClassifier()": 0.978, "GradientBoostingClassifier()": 0.9810000000000001, "DecisionTreeClassifier()": 0.9690000000000001, "LinearSVC()": 0.9550000000000001, "MLPClassifier()": 0.9670000000000002}}}, "chameleon": {"cubic": {"b1000d35": {"RandomForestClassifier()": 0.9399999999999998, "GradientBoostingClassifier()": 0.942, "DecisionTreeClassifier()": 0.9269999999999999, "LinearSVC()": 0.881, "MLPClassifier()": 0.915}}, "htcp": {"b1000d35": {"RandomForestClassifier()": 0.9349999999999999, "GradientBoostingClassifier()": 0.9359999999999999, "DecisionTreeClassifier()": 0.921, "LinearSVC()": 0.8850000000000001, "MLPClassifier()": 0.916}}, "bbr": {"b1000d35": {"RandomForestClassifier()": 0.991, "GradientBoostingClassifier()": 0.99, "DecisionTreeClassifier()": 0.9870000000000001, "LinearSVC()": 0.983, "MLPClassifier()": 0.991}}}}