{"expanse": {"cubic": {"b1000d60": {"RandomForestClassifier()": {"Accuracy": 0.933, "Std Dev": 0.024515301344262504}, "GradientBoostingClassifier()": {"Accuracy": 0.9369999999999999, "Std Dev": 0.02451530134426251}, "DecisionTreeClassifier()": {"Accuracy": 0.915, "Std Dev": 0.030083217912982636}, "LinearSVC()": {"Accuracy": 0.881, "Std Dev": 0.04346262762420146}, "MLPClassifier()": {"Accuracy": 0.923, "Std Dev": 0.02647640458974744}}}, "htcp": {"b1000d60": {"RandomForestClassifier()": {"Accuracy": 0.9610000000000001, "Std Dev": 0.013000000000000012}, "GradientBoostingClassifier()": {"Accuracy": 0.9620000000000001, "Std Dev": 0.007483314773547889}, "DecisionTreeClassifier()": {"Accuracy": 0.9410000000000001, "Std Dev": 0.014456832294800924}, "LinearSVC()": {"Accuracy": 0.9559999999999998, "Std Dev": 0.009165151389911688}, "MLPClassifier()": {"Accuracy": 0.961, "Std Dev": 0.012206555615733713}}}, "bbr": {"b1000d60": {"RandomForestClassifier()": {"Accuracy": 0.9630000000000001, "Std Dev": 0.03163858403911273}, "GradientBoostingClassifier()": {"Accuracy": 0.961, "Std Dev": 0.03238826948140329}, "DecisionTreeClassifier()": {"Accuracy": 0.9490000000000001, "Std Dev": 0.037802116342871575}, "LinearSVC()": {"Accuracy": 0.9400000000000001, "Std Dev": 0.04732863826479693}, "MLPClassifier()": {"Accuracy": 0.966, "Std Dev": 0.031048349392520037}}}}, "chameleon": {"cubic": {"b1000d35": {"RandomForestClassifier()": {"Accuracy": 0.977, "Std Dev": 0.010049875621120901}, "GradientBoostingClassifier()": {"Accuracy": 0.9789999999999999, "Std Dev": 0.009433981132056611}, "DecisionTreeClassifier()": {"Accuracy": 0.967, "Std Dev": 0.010049875621120901}, "LinearSVC()": {"Accuracy": 0.9489999999999998, "Std Dev": 0.02913760456866692}, "MLPClassifier()": {"Accuracy": 0.9780000000000001, "Std Dev": 0.011661903789690611}}}, "htcp": {"b1000d35": {"RandomForestClassifier()": {"Accuracy": 0.982, "Std Dev": 0.007483314773547889}, "GradientBoostingClassifier()": {"Accuracy": 0.983, "Std Dev": 0.007810249675906661}, "DecisionTreeClassifier()": {"Accuracy": 0.974, "Std Dev": 0.009165151389911688}, "LinearSVC()": {"Accuracy": 0.969, "Std Dev": 0.015132745950421569}, "MLPClassifier()": {"Accuracy": 0.9860000000000001, "Std Dev": 0.006633249580710806}}}, "bbr": {"b1000d35": {"RandomForestClassifier()": {"Accuracy": 0.9960000000000001, "Std Dev": 0.006633249580710806}, "GradientBoostingClassifier()": {"Accuracy": 0.9949999999999999, "Std Dev": 0.006708203932499375}, "DecisionTreeClassifier()": {"Accuracy": 0.9960000000000001, "Std Dev": 0.006633249580710806}, "LinearSVC()": {"Accuracy": 0.9960000000000001, "Std Dev": 0.004898979485566361}, "MLPClassifier()": {"Accuracy": 0.9970000000000001, "Std Dev": 0.004582575694955844}}}}}