{
  "0.4": {
    "b5000d100.csv": {
      "AutoSklearn2Classifier(memory_limit=4096, n_jobs=-1,\n                       time_left_for_this_task=180)": {
        "Accuracy": 0.837037037037037,
        "Std Dev": 0.03037037037037038
      }
    },
    "b5000d30.csv": {
      "AutoSklearn2Classifier(memory_limit=4096, n_jobs=-1,\n                       time_left_for_this_task=180)": {
        "Accuracy": 0.8711111111111112,
        "Std Dev": 0.0281481481481482
      }
    },
    "b100d10.csv": {
      "AutoSklearn2Classifier(memory_limit=4096, n_jobs=-1,\n                       time_left_for_this_task=180)": {
        "Accuracy": 0.7340740740740741,
        "Std Dev": 0.049629629629629635
      }
    },
    "b1000d10.csv": {
      "AutoSklearn2Classifier(memory_limit=4096, n_jobs=-1,\n                       time_left_for_this_task=180)": {
        "Accuracy": 0.8814814814814815,
        "Std Dev": 0.008148148148148182
      }
    },
    "b1000d100.csv": {
      "AutoSklearn2Classifier(memory_limit=4096, n_jobs=-1,\n                       time_left_for_this_task=180)": {
        "Accuracy": 0.8537037037037037,
        "Std Dev": 0.02259259259259261
      }
    },
    "b100d100.csv": {
      "AutoSklearn2Classifier(memory_limit=4096, n_jobs=-1,\n                       time_left_for_this_task=180)": {
        "Accuracy": 0.8174074074074074,
        "Std Dev": 0.04999999999999999
      }
    },
    "b5000d10.csv": {
      "AutoSklearn2Classifier(memory_limit=4096, n_jobs=-1,\n                       time_left_for_this_task=180)": {
        "Accuracy": 0.87,
        "Std Dev": 0.0033333333333332993
      }
    },
    "b1000d30.csv": {
      "AutoSklearn2Classifier(memory_limit=4096, n_jobs=-1,\n                       time_left_for_this_task=180)": {
        "Accuracy": 0.8674074074074074,
        "Std Dev": 0.01777777777777778
      }
    },
    "b100d30.csv": {
      "AutoSklearn2Classifier(memory_limit=4096, n_jobs=-1,\n                       time_left_for_this_task=180)": {
        "Accuracy": 0.8622222222222222,
        "Std Dev": 0.0125925925925926
      }
    }
  }
}