{
  "0.2": {
    "AutoSklearnClassifier(memory_limit=4096, n_jobs=-1, per_run_time_limit=12,\n                      time_left_for_this_task=30)": {
      "Accuracy": 0.9850205761316873,
      "Balanced Accuracy": 0.9846451546740291,
      "F1 Micro": 0.9850205761316873,
      "Precision Micro": 0.9850205761316873,
      "Recall Micro": 0.9850205761316873,
      "Runtime": 7.901747922999998
    }
  },
  "0.4": {
    "AutoSklearnClassifier(memory_limit=4096, n_jobs=-1, per_run_time_limit=12,\n                      time_left_for_this_task=30)": {
      "Accuracy": 0.9865020576131687,
      "Balanced Accuracy": 0.9866048126630981,
      "F1 Micro": 0.9865020576131687,
      "Precision Micro": 0.9865020576131687,
      "Recall Micro": 0.9865020576131687,
      "Runtime": 12.836527558777773
    }
  },
  "0.6": {
    "AutoSklearnClassifier(memory_limit=4096, n_jobs=-1, per_run_time_limit=12,\n                      time_left_for_this_task=30)": {
      "Accuracy": 0.9623045267489714,
      "Balanced Accuracy": 0.9633384598564041,
      "F1 Micro": 0.9623045267489714,
      "Precision Micro": 0.9623045267489714,
      "Recall Micro": 0.9623045267489714,
      "Runtime": 20.14423704533334
    }
  }
}