{"RandomForestRegressor()": {"0": {"RMSE": 0.12393864270625496, "MAE": 0.06611322685997374}, "1": {"RMSE": 0.1532129808854091, "MAE": 0.08746422040357694}, "2": {"RMSE": 0.12713075186659703, "MAE": 0.0719507308116189}, "RMSE": 0.13476079181942036, "MAE": 0.07517605935838986}, "GradientBoostingRegressor()": {"0": {"RMSE": 0.12962241820944098, "MAE": 0.07741177856171767}, "1": {"RMSE": 0.15264149145158573, "MAE": 0.0923036701517382}, "2": {"RMSE": 0.1386612357801014, "MAE": 0.0857023997784604}, "RMSE": 0.1403083818137094, "MAE": 0.08513928283063876}, "DecisionTreeRegressor()": {"0": {"RMSE": 0.16890874130635697, "MAE": 0.08222874224851598}, "1": {"RMSE": 0.19000716344800747, "MAE": 0.10487108027349776}, "2": {"RMSE": 0.16621073419915453, "MAE": 0.08368024611631097}, "RMSE": 0.1750422129845063, "MAE": 0.09026002287944157}, "MLPRegressor()": {"0": {"RMSE": 0.13023998224999347, "MAE": 0.07884177357714117}, "1": {"RMSE": 0.14756360530802948, "MAE": 0.09238229547288425}, "2": {"RMSE": 0.1364150604562107, "MAE": 0.08635504360994826}, "RMSE": 0.1380728826714112, "MAE": 0.08585970421999123}, "LinearSVR()": {"0": {"RMSE": 0.21177751962351793, "MAE": 0.13594191117678678}, "1": {"RMSE": 0.20263107322954965, "MAE": 0.13714748007679983}, "2": {"RMSE": 0.23250878273638356, "MAE": 0.15169288515513202}, "RMSE": 0.21563912519648373, "MAE": 0.14159409213623955}}{"RandomForestRegressor()": {"0": {"RMSE": 0.12339567542306394, "MAE": 0.06584051398831735}, "1": {"RMSE": 0.15343838710639682, "MAE": 0.08756988355635455}, "2": {"RMSE": 0.12687040396064056, "MAE": 0.071861760556532}, "RMSE": 0.13456815549670043, "MAE": 0.07509071936706796}, "GradientBoostingRegressor()": {"0": {"RMSE": 0.12962594456795337, "MAE": 0.07742847004132533}, "1": {"RMSE": 0.15266735100799447, "MAE": 0.09231391935577418}, "2": {"RMSE": 0.13867001056274966, "MAE": 0.08570673624680707}, "RMSE": 0.1403211020462325, "MAE": 0.08514970854796887}, "DecisionTreeRegressor()": {"0": {"RMSE": 0.16898306429448195, "MAE": 0.08280503599954338}, "1": {"RMSE": 0.1903341261973161, "MAE": 0.1051786334015936}, "2": {"RMSE": 0.16573268888311068, "MAE": 0.08363839997322153}, "RMSE": 0.17501662645830293, "MAE": 0.09054068979145284}, "MLPRegressor()": {"0": {"RMSE": 0.12939019077299996, "MAE": 0.08042878664382146}, "1": {"RMSE": 0.1567749961140638, "MAE": 0.09785166186264833}, "2": {"RMSE": 0.14084821178488874, "MAE": 0.08927538651083342}, "RMSE": 0.1423377995573175, "MAE": 0.08918527833910106}, "LinearSVR()": {"0": {"RMSE": 0.21204367166243648, "MAE": 0.13600918626919253}, "1": {"RMSE": 0.2029319895355351, "MAE": 0.13727301998712585}, "2": {"RMSE": 0.23279711348268417, "MAE": 0.151806103040557}, "RMSE": 0.21592425822688524, "MAE": 0.14169610309895844}}{"RandomForestRegressor()": {"0": {"RMSE": 0.12285691729442971, "MAE": 0.0655957286894007}, "1": {"RMSE": 0.15285832478570335, "MAE": 0.0874060255587307}, "2": {"RMSE": 0.12657829564233344, "MAE": 0.07161707452183894}, "RMSE": 0.13409784590748886, "MAE": 0.07487294292332344}, "GradientBoostingRegressor()": {"0": {"RMSE": 0.129589253641188, "MAE": 0.07739869479613967}, "1": {"RMSE": 0.15263761227415543, "MAE": 0.09230693049048326}, "2": {"RMSE": 0.13866233847512383, "MAE": 0.08570504473867006}, "RMSE": 0.14029640146348907, "MAE": 0.085136890008431}, "DecisionTreeRegressor()": {"0": {"RMSE": 0.16775605227449245, "MAE": 0.0817999136576484}, "1": {"RMSE": 0.1893104362305638, "MAE": 0.10436050213337394}, "2": {"RMSE": 0.1656007345285486, "MAE": 0.08349120192235772}, "RMSE": 0.17422240767786826, "MAE": 0.08988387257112668}, "MLPRegressor()": {"0": {"RMSE": 0.13147529192630045, "MAE": 0.08003775804390802}, "1": {"RMSE": 0.14924535108951015, "MAE": 0.0937634176602223}, "2": {"RMSE": 0.1377776420083693, "MAE": 0.0880320742852461}, "RMSE": 0.13949942834139328, "MAE": 0.0872777499964588}, "LinearSVR()": {"0": {"RMSE": 0.21246986044173474, "MAE": 0.13607662188610606}, "1": {"RMSE": 0.20335546537042154, "MAE": 0.1374456033667226}, "2": {"RMSE": 0.23331619325632194, "MAE": 0.1520537302281791}, "RMSE": 0.21638050635615938, "MAE": 0.1418586518270026}}{"RandomForestRegressor()": {"0": {"RMSE": 0.12331091951737186, "MAE": 0.0656485822781073}, "1": {"RMSE": 0.15363191751771463, "MAE": 0.08776191294591607}, "2": {"RMSE": 0.12675750243572687, "MAE": 0.07181121092977998}, "RMSE": 0.13456677982360446, "MAE": 0.07507390205126778}, "GradientBoostingRegressor()": {"0": {"RMSE": 0.12961475203782744, "MAE": 0.07741992260384253}, "1": {"RMSE": 0.1526444554989448, "MAE": 0.09230236350935236}, "2": {"RMSE": 0.1386784809836501, "MAE": 0.08570987736563519}, "RMSE": 0.1403125628401408, "MAE": 0.08514405449294336}, "DecisionTreeRegressor()": {"0": {"RMSE": 0.16829827699453262, "MAE": 0.08175450035045662}, "1": {"RMSE": 0.19004666312977986, "MAE": 0.1047342870090337}, "2": {"RMSE": 0.16611085856508806, "MAE": 0.08378055151895325}, "RMSE": 0.1748185995631335, "MAE": 0.09008977962614785}, "MLPRegressor()": {"0": {"RMSE": 0.12643046892767132, "MAE": 0.07847635949940618}, "1": {"RMSE": 0.15294297231585446, "MAE": 0.09721003317153}, "2": {"RMSE": 0.13462410165408864, "MAE": 0.08694249645017435}, "RMSE": 0.1379991809658715, "MAE": 0.08754296304037017}, "LinearSVR()": {"0": {"RMSE": 0.21245973684598815, "MAE": 0.13603777082943885}, "1": {"RMSE": 0.20354888156065284, "MAE": 0.13746620581229485}, "2": {"RMSE": 0.2333448866699503, "MAE": 0.1519947833736323}, "RMSE": 0.21645116835886377, "MAE": 0.14183292000512202}}{"RandomForestRegressor()": {"0": {"RMSE": 0.12368818984826263, "MAE": 0.06599062024268836}, "1": {"RMSE": 0.15346415653367101, "MAE": 0.08751054488192296}, "2": {"RMSE": 0.12705862864657796, "MAE": 0.07194873907240244}, "RMSE": 0.13473699167617054, "MAE": 0.07514996806567126}, "GradientBoostingRegressor()": {"0": {"RMSE": 0.1296547641419758, "MAE": 0.07744126524319075}, "1": {"RMSE": 0.1526578765151964, "MAE": 0.09230952143289325}, "2": {"RMSE": 0.13868822555135016, "MAE": 0.08571545872154838}, "RMSE": 0.14033362206950747, "MAE": 0.08515541513254414}, "DecisionTreeRegressor()": {"0": {"RMSE": 0.16790331291766913, "MAE": 0.08157864272260273}, "1": {"RMSE": 0.18961073373737125, "MAE": 0.10446011301461632}, "2": {"RMSE": 0.1656409787443051, "MAE": 0.08340341287169716}, "RMSE": 0.17438500846644853, "MAE": 0.08981405620297207}, "MLPRegressor()": {"0": {"RMSE": 0.12815523790234482, "MAE": 0.0789661697105805}, "1": {"RMSE": 0.15377996087862783, "MAE": 0.09716880045052138}, "2": {"RMSE": 0.1367968650342772, "MAE": 0.08782160923907908}, "RMSE": 0.13957735460508328, "MAE": 0.08798552646672698}, "LinearSVR()": {"0": {"RMSE": 0.2116285559865755, "MAE": 0.13587595685304005}, "1": {"RMSE": 0.20246862285259384, "MAE": 0.13709241358836455}, "2": {"RMSE": 0.23243008277999824, "MAE": 0.15165947233951094}, "RMSE": 0.2155090872063892, "MAE": 0.14154261426030518}}