{
  "0.4": {
    "b5000d100.csv": {
      "AutoSklearn2Classifier(memory_limit=4096, n_jobs=-1, time_left_for_this_task=30)": {
        "Accuracy": 0.9137037037037037,
        "Std Dev": 0.027037037037037026
      }
    },
    "b5000d30.csv": {
      "AutoSklearn2Classifier(memory_limit=4096, n_jobs=-1, time_left_for_this_task=30)": {
        "Accuracy": 0.9222222222222223,
        "Std Dev": 0.030370370370370325
      }
    },
    "b100d10.csv": {
      "AutoSklearn2Classifier(memory_limit=4096, n_jobs=-1, time_left_for_this_task=30)": {
        "Accuracy": 0.8614814814814815,
        "Std Dev": 0.023703703703703727
      }
    },
    "b1000d10.csv": {
      "AutoSklearn2Classifier(memory_limit=4096, n_jobs=-1, time_left_for_this_task=30)": {
        "Accuracy": 0.9085185185185185,
        "Std Dev": 0.017407407407407427
      }
    },
    "b1000d100.csv": {
      "AutoSklearn2Classifier(memory_limit=4096, n_jobs=-1, time_left_for_this_task=30)": {
        "Accuracy": 0.9385185185185185,
        "Std Dev": 0.014074074074074072
      }
    },
    "b100d100.csv": {
      "AutoSklearn2Classifier(memory_limit=4096, n_jobs=-1, time_left_for_this_task=30)": {
        "Accuracy": 0.9251851851851852,
        "Std Dev": 0.025925925925925908
      }
    },
    "b5000d10.csv": {
      "AutoSklearn2Classifier(memory_limit=4096, n_jobs=-1, time_left_for_this_task=30)": {
        "Accuracy": 0.9237037037037037,
        "Std Dev": 0.028148148148148144
      }
    },
    "b1000d30.csv": {
      "AutoSklearn2Classifier(memory_limit=4096, n_jobs=-1, time_left_for_this_task=30)": {
        "Accuracy": 0.9162962962962964,
        "Std Dev": 0.019259259259259254
      }
    },
    "b100d30.csv": {
      "AutoSklearn2Classifier(memory_limit=4096, n_jobs=-1, time_left_for_this_task=30)": {
        "Accuracy": 0.9155555555555556,
        "Std Dev": 0.01851851851851849
      }
    }
  }
}