{
  "b1000d10.csv": {
    "RandomForestClassifier()": {
      "Accuracy": 0.7639814814814815
    },
    "GradientBoostingClassifier()": {
      "Accuracy": 0.8755092592592593
    },
    "DecisionTreeClassifier()": {
      "Accuracy": 0.5482407407407407
    },
    "MLPClassifier()": {
      "Accuracy": 0.4937037037037037
    },
    "LinearSVC()": {
      "Accuracy": 0.3235648148148148
    }
  },
  "b1000d100.csv": {
    "RandomForestClassifier()": {
      "Accuracy": 0.8608796296296296
    },
    "GradientBoostingClassifier()": {
      "Accuracy": 0.7820833333333334
    },
    "DecisionTreeClassifier()": {
      "Accuracy": 0.6460185185185185
    },
    "MLPClassifier()": {
      "Accuracy": 0.7251851851851852
    },
    "LinearSVC()": {
      "Accuracy": 0.5725
    }
  },
  "b1000d30.csv": {
    "RandomForestClassifier()": {
      "Accuracy": 0.9286574074074074
    },
    "GradientBoostingClassifier()": {
      "Accuracy": 0.8972685185185185
    },
    "DecisionTreeClassifier()": {
      "Accuracy": 0.8889814814814815
    },
    "MLPClassifier()": {
      "Accuracy": 0.7212037037037037
    },
    "LinearSVC()": {
      "Accuracy": 0.5703703703703704
    }
  },
  "b100d10.csv": {
    "RandomForestClassifier()": {
      "Accuracy": 0.7040740740740741
    },
    "GradientBoostingClassifier()": {
      "Accuracy": 0.6424074074074074
    },
    "DecisionTreeClassifier()": {
      "Accuracy": 0.5536574074074074
    },
    "MLPClassifier()": {
      "Accuracy": 0.3651388888888889
    },
    "LinearSVC()": {
      "Accuracy": 0.3086574074074074
    }
  },
  "b100d100.csv": {
    "RandomForestClassifier()": {
      "Accuracy": 0.8924074074074074
    },
    "GradientBoostingClassifier()": {
      "Accuracy": 0.8660185185185185
    },
    "DecisionTreeClassifier()": {
      "Accuracy": 0.6457407407407407
    },
    "MLPClassifier()": {
      "Accuracy": 0.6460185185185185
    },
    "LinearSVC()": {
      "Accuracy": 0.6459722222222222
    }
  },
  "b100d30.csv": {
    "RandomForestClassifier()": {
      "Accuracy": 0.8366666666666667
    },
    "GradientBoostingClassifier()": {
      "Accuracy": 0.8840277777777777
    },
    "DecisionTreeClassifier()": {
      "Accuracy": 0.5189351851851852
    },
    "MLPClassifier()": {
      "Accuracy": 0.5663425925925926
    },
    "LinearSVC()": {
      "Accuracy": 0.5049074074074074
    }
  },
  "b5000d10.csv": {
    "RandomForestClassifier()": {
      "Accuracy": 0.8877314814814815
    },
    "GradientBoostingClassifier()": {
      "Accuracy": 0.7749074074074074
    },
    "DecisionTreeClassifier()": {
      "Accuracy": 0.8313425925925926
    },
    "MLPClassifier()": {
      "Accuracy": 0.5087037037037037
    },
    "LinearSVC()": {
      "Accuracy": 0.4217592592592593
    }
  },
  "b5000d100.csv": {
    "RandomForestClassifier()": {
      "Accuracy": 0.8470833333333333
    },
    "GradientBoostingClassifier()": {
      "Accuracy": 0.8023611111111111
    },
    "DecisionTreeClassifier()": {
      "Accuracy": 0.7911574074074074
    },
    "MLPClassifier()": {
      "Accuracy": 0.6579166666666667
    },
    "LinearSVC()": {
      "Accuracy": 0.5003240740740741
    }
  },
  "b5000d30.csv": {
    "RandomForestClassifier()": {
      "Accuracy": 0.9321759259259259
    },
    "GradientBoostingClassifier()": {
      "Accuracy": 0.9016666666666666
    },
    "DecisionTreeClassifier()": {
      "Accuracy": 0.7639814814814815
    },
    "MLPClassifier()": {
      "Accuracy": 0.6893518518518519
    },
    "LinearSVC()": {
      "Accuracy": 0.5262962962962963
    }
  }
}{
  "b1000d10.csv": {
    "RandomForestClassifier()": {
      "Accuracy": 0.8456018518518519
    },
    "GradientBoostingClassifier()": {
      "Accuracy": 0.8755092592592593
    },
    "DecisionTreeClassifier()": {
      "Accuracy": 0.8151851851851852
    },
    "MLPClassifier()": {
      "Accuracy": 0.5437962962962963
    },
    "LinearSVC()": {
      "Accuracy": 0.3235648148148148
    }
  },
  "b1000d100.csv": {
    "RandomForestClassifier()": {
      "Accuracy": 0.922962962962963
    },
    "GradientBoostingClassifier()": {
      "Accuracy": 0.7820833333333334
    },
    "DecisionTreeClassifier()": {
      "Accuracy": 0.6631481481481482
    },
    "MLPClassifier()": {
      "Accuracy": 0.7342592592592593
    },
    "LinearSVC()": {
      "Accuracy": 0.5725
    }
  },
  "b1000d30.csv": {
    "RandomForestClassifier()": {
      "Accuracy": 0.9143055555555556
    },
    "GradientBoostingClassifier()": {
      "Accuracy": 0.9093055555555556
    },
    "DecisionTreeClassifier()": {
      "Accuracy": 0.7626851851851851
    },
    "MLPClassifier()": {
      "Accuracy": 0.7164351851851852
    },
    "LinearSVC()": {
      "Accuracy": 0.5703703703703704
    }
  },
  "b100d10.csv": {
    "RandomForestClassifier()": {
      "Accuracy": 0.7047222222222222
    },
    "GradientBoostingClassifier()": {
      "Accuracy": 0.6424537037037037
    },
    "DecisionTreeClassifier()": {
      "Accuracy": 0.5540277777777778
    },
    "MLPClassifier()": {
      "Accuracy": 0.38175925925925924
    },
    "LinearSVC()": {
      "Accuracy": 0.3086574074074074
    }
  },
  "b100d100.csv": {
    "RandomForestClassifier()": {
      "Accuracy": 0.8699074074074075
    },
    "GradientBoostingClassifier()": {
      "Accuracy": 0.8634259259259259
    },
    "DecisionTreeClassifier()": {
      "Accuracy": 0.7408333333333333
    },
    "MLPClassifier()": {
      "Accuracy": 0.615
    },
    "LinearSVC()": {
      "Accuracy": 0.6459722222222222
    }
  },
  "b100d30.csv": {
    "RandomForestClassifier()": {
      "Accuracy": 0.8544444444444445
    },
    "GradientBoostingClassifier()": {
      "Accuracy": 0.88375
    },
    "DecisionTreeClassifier()": {
      "Accuracy": 0.6056481481481482
    },
    "MLPClassifier()": {
      "Accuracy": 0.6121296296296296
    },
    "LinearSVC()": {
      "Accuracy": 0.5049074074074074
    }
  },
  "b5000d10.csv": {
    "RandomForestClassifier()": {
      "Accuracy": 0.8784722222222222
    },
    "GradientBoostingClassifier()": {
      "Accuracy": 0.7749074074074074
    },
    "DecisionTreeClassifier()": {
      "Accuracy": 0.825
    },
    "MLPClassifier()": {
      "Accuracy": 0.43115740740740743
    },
    "LinearSVC()": {
      "Accuracy": 0.4217592592592593
    }
  },
  "b5000d100.csv": {
    "RandomForestClassifier()": {
      "Accuracy": 0.7683333333333333
    },
    "GradientBoostingClassifier()": {
      "Accuracy": 0.8088425925925926
    },
    "DecisionTreeClassifier()": {
      "Accuracy": 0.5835648148148148
    },
    "MLPClassifier()": {
      "Accuracy": 0.7172222222222222
    },
    "LinearSVC()": {
      "Accuracy": 0.5003240740740741
    }
  },
  "b5000d30.csv": {
    "RandomForestClassifier()": {
      "Accuracy": 0.9329166666666666
    },
    "GradientBoostingClassifier()": {
      "Accuracy": 0.9019444444444444
    },
    "DecisionTreeClassifier()": {
      "Accuracy": 0.676712962962963
    },
    "MLPClassifier()": {
      "Accuracy": 0.6256944444444444
    },
    "LinearSVC()": {
      "Accuracy": 0.5262962962962963
    }
  }
}{
  "b1000d10.csv": {
    "RandomForestClassifier()": {
      "Accuracy": 0.8478703703703704
    },
    "GradientBoostingClassifier()": {
      "Accuracy": 0.8755092592592593
    },
    "DecisionTreeClassifier()": {
      "Accuracy": 0.6431018518518519
    },
    "MLPClassifier()": {
      "Accuracy": 0.49712962962962964
    },
    "LinearSVC()": {
      "Accuracy": 0.3235648148148148
    }
  },
  "b1000d100.csv": {
    "RandomForestClassifier()": {
      "Accuracy": 0.8658796296296296
    },
    "GradientBoostingClassifier()": {
      "Accuracy": 0.7820833333333334
    },
    "DecisionTreeClassifier()": {
      "Accuracy": 0.6460185185185185
    },
    "MLPClassifier()": {
      "Accuracy": 0.7040277777777778
    },
    "LinearSVC()": {
      "Accuracy": 0.5725
    }
  },
  "b1000d30.csv": {
    "RandomForestClassifier()": {
      "Accuracy": 0.9195833333333333
    },