{
  "0.4": {
    "RandomForestClassifier()": {
      "Accuracy": 0.9348765432098767,
      "Balanced Accuracy": 0.9354063620576931,
      "F1 Micro": 0.9348765432098767,
      "Precision Micro": 0.9348765432098767,
      "Recall Micro": 0.9348765432098767,
      "Runtime": 0.48631042266666724
    },
    "GradientBoostingClassifier()": {
      "Accuracy": 0.9318930041152262,
      "Balanced Accuracy": 0.9324198610587118,
      "F1 Micro": 0.9318930041152262,
      "Precision Micro": 0.9318930041152262,
      "Recall Micro": 0.9318930041152262,
      "Runtime": 4.120486767111112
    },
    "DecisionTreeClassifier()": {
      "Accuracy": 0.9175925925925925,
      "Balanced Accuracy": 0.9180207363579035,
      "F1 Micro": 0.9175925925925925,
      "Precision Micro": 0.9175925925925925,
      "Recall Micro": 0.9175925925925925,
      "Runtime": 0.01053172800000072
    },
    "MLPClassifier()": {
      "Accuracy": 0.8595679012345678,
      "Balanced Accuracy": 0.8612238278295624,
      "F1 Micro": 0.8595679012345678,
      "Precision Micro": 0.8595679012345678,
      "Recall Micro": 0.8595679012345678,
      "Runtime": 2.760324475222222
    },
    "LinearSVC()": {
      "Accuracy": 0.8439300411522632,
      "Balanced Accuracy": 0.8458706392961239,
      "F1 Micro": 0.8439300411522634,
      "Precision Micro": 0.8439300411522634,
      "Recall Micro": 0.8439300411522632,
      "Runtime": 0.05515344855555604
    }
  }
}