{
  "b1000d35.csv": {
    "RandomForestClassifier()": {
      "b1000d60.csv": {
        "Accuracy": 0.6062962962962963
      }
    },
    "GradientBoostingClassifier()": {
      "b1000d60.csv": {
        "Accuracy": 0.5544444444444444
      }
    },
    "DecisionTreeClassifier()": {
      "b1000d60.csv": {
        "Accuracy": 0.652962962962963
      }
    },
    "MLPClassifier()": {
      "b1000d60.csv": {
        "Accuracy": 0.2811111111111111
      }
    },
    "LinearSVC()": {
      "b1000d60.csv": {
        "Accuracy": 0.16666666666666666
      }
    }
  },
  "b1000d60.csv": {
    "RandomForestClassifier()": {
      "b1000d35.csv": {
        "Accuracy": 0.39644312708410523
      }
    },
    "GradientBoostingClassifier()": {
      "b1000d35.csv": {
        "Accuracy": 0.49092256391256023
      }
    },
    "DecisionTreeClassifier()": {
      "b1000d35.csv": {
        "Accuracy": 0.3693960726194887
      }
    },
    "MLPClassifier()": {
      "b1000d35.csv": {
        "Accuracy": 0.3512412004446091
      }
    },
    "LinearSVC()": {
      "b1000d35.csv": {
        "Accuracy": 0.3827343460540941
      }
    }
  }
}