{
  "0.4": {
    "b5000d100.csv": {
      "AutoSklearnClassifier(memory_limit=4096, n_jobs=-1, time_left_for_this_task=30)": {
        "Accuracy": 0.9988888888888889,
        "Std Dev": 0.0014814814814814669
      }
    },
    "b5000d30.csv": {
      "AutoSklearnClassifier(memory_limit=4096, n_jobs=-1, time_left_for_this_task=30)": {
        "Accuracy": 0.9996296296296296,
        "Std Dev": 0.000740740740740753
      }
    },
    "b100d10.csv": {
      "AutoSklearnClassifier(memory_limit=4096, n_jobs=-1, time_left_for_this_task=30)": {
        "Accuracy": 0.9951851851851853,
        "Std Dev": 0.005315814849780491
      }
    },
    "b1000d10.csv": {
      "AutoSklearnClassifier(memory_limit=4096, n_jobs=-1, time_left_for_this_task=30)": {
        "Accuracy": 1.0,
        "Std Dev": 0.0
      }
    },
    "b1000d100.csv": {
      "AutoSklearnClassifier(memory_limit=4096, n_jobs=-1, time_left_for_this_task=30)": {
        "Accuracy": 1.0,
        "Std Dev": 0.0
      }
    },
    "b100d100.csv": {
      "AutoSklearnClassifier(memory_limit=4096, n_jobs=-1, time_left_for_this_task=30)": {
        "Accuracy": 1.0,
        "Std Dev": 0.0
      }
    },
    "b5000d10.csv": {
      "AutoSklearnClassifier(memory_limit=4096, n_jobs=-1, time_left_for_this_task=30)": {
        "Accuracy": 0.8329629629629629,
        "Std Dev": 0.3331489201810996
      }
    },
    "b1000d30.csv": {
      "AutoSklearnClassifier(memory_limit=4096, n_jobs=-1, time_left_for_this_task=30)": {
        "Accuracy": 0.9988888888888889,
        "Std Dev": 0.0022222222222222144
      }
    },
    "b100d30.csv": {
      "AutoSklearnClassifier(memory_limit=4096, n_jobs=-1, time_left_for_this_task=30)": {
        "Accuracy": 0.9988888888888889,
        "Std Dev": 0.0022222222222222144
      }
    }
  }
}
