{"RandomForestRegressor()": {"RandomForestRegressor()": {"Accuracy": 0.7369133925037783, "Std Dev": 0.03091225108191484}}, "GradientBoostingRegressor()": {"GradientBoostingRegressor()": {"Accuracy": 0.6921229064167662, "Std Dev": 0.07940830008525185}}, "DecisionTreeRegressor()": {"DecisionTreeRegressor()": {"Accuracy": 0.4803422534577525, "Std Dev": 0.11333472564506523}}, "MLPRegressor()": {"MLPRegressor()": {"Accuracy": 0.6579655745247742, "Std Dev": 0.10930855250482871}}, "LinearSVR()": {"LinearSVR()": {"Accuracy": 0.19173799517468448, "Std Dev": 0.2963592208657969}}}{"RandomForestRegressor()": {"Accuracy": 0.7355546474626665, "Std Dev": 0.03306639657627168}, "GradientBoostingRegressor()": {"Accuracy": 0.6948784587885822, "Std Dev": 0.07386099753146601}, "DecisionTreeRegressor()": {"Accuracy": 0.49840601232395887, "Std Dev": 0.10211603370921386}, "MLPRegressor()": {"Accuracy": 0.6697269103122769, "Std Dev": 0.09109034038280377}, "LinearSVR()": {"Accuracy": 0.18436638744846148, "Std Dev": 0.3093722714590259}}{"RandomForestRegressor()": {"Accuracy": 0.7349251902868289, "Std Dev": 0.03499768093974159}, "GradientBoostingRegressor()": {"Accuracy": 0.6929376704802725, "Std Dev": 0.0779080548378983}, "DecisionTreeRegressor()": {"Accuracy": 0.4445922979677065, "Std Dev": 0.16240007218730415}, "MLPRegressor()": {"Accuracy": 0.6609190262344458, "Std Dev": 0.1261831491624216}, "LinearSVR()": {"Accuracy": 0.18730678715086016, "Std Dev": 0.3102373817077096}}{"RandomForestRegressor()": {"Accuracy": 0.7327804083534867, "Std Dev": 0.034560589607756646}, "GradientBoostingRegressor()": {"Accuracy": 0.6941287088624046, "Std Dev": 0.07524355423958035}, "DecisionTreeRegressor()": {"Accuracy": 0.48639276985359736, "Std Dev": 0.11152588194261842}, "MLPRegressor()": {"Accuracy": 0.6798601925536143, "Std Dev": 0.09452584290579755}, "LinearSVR()": {"Accuracy": 0.18775975965777664, "Std Dev": 0.30705636788513757}}{"RandomForestRegressor()": {"Accuracy": 0.7378891037054913, "Std Dev": 0.03285386565043266}, "GradientBoostingRegressor()": {"Accuracy": 0.6916048763622591, "Std Dev": 0.08086873161480244}, "DecisionTreeRegressor()": {"Accuracy": 0.43928101339601566, "Std Dev": 0.180606444059984}, "MLPRegressor()": {"Accuracy": 0.6648547545525281, "Std Dev": 0.12330400076411348}, "LinearSVR()": {"Accuracy": 0.1927334680130276, "Std Dev": 0.30431745629791757}}{"RandomForestRegressor()": {"Accuracy": 0.7365688695353219, "Std Dev": 0.03285825309231688}, "GradientBoostingRegressor()": {"Accuracy": 0.694759405115267, "Std Dev": 0.07429255305988924}, "DecisionTreeRegressor()": {"Accuracy": 0.4449587243573152, "Std Dev": 0.17149706087099842}, "MLPRegressor()": {"Accuracy": 0.6394778141912779, "Std Dev": 0.16382919706497598}, "LinearSVR()": {"Accuracy": 0.18519997876367617, "Std Dev": 0.3113742241602946}}