{
  "0.4": {
    "b5000d100.csv": {
      "AutoSklearn2Classifier(memory_limit=4096, n_jobs=-1, time_left_for_this_task=30)": {
        "Accuracy": 0.9025925925925925,
        "Std Dev": 0.022849180466944
      }
    },
    "b5000d30.csv": {
      "AutoSklearn2Classifier(memory_limit=4096, n_jobs=-1, time_left_for_this_task=30)": {
        "Accuracy": 0.9574074074074075,
        "Std Dev": 0.010409977275966806
      }
    },
    "b100d10.csv": {
      "AutoSklearn2Classifier(memory_limit=4096, n_jobs=-1, time_left_for_this_task=30)": {
        "Accuracy": 0.9259259259259259,
        "Std Dev": 0.010605793380204726
      }
    },
    "b1000d10.csv": {
      "AutoSklearn2Classifier(memory_limit=4096, n_jobs=-1, time_left_for_this_task=30)": {
        "Accuracy": 0.9803703703703703,
        "Std Dev": 0.0018885257457751017
      }
    },
    "b1000d100.csv": {
      "AutoSklearn2Classifier(memory_limit=4096, n_jobs=-1, time_left_for_this_task=30)": {
        "Accuracy": 0.9074074074074074,
        "Std Dev": 0.016058876584206516
      }
    },
    "b100d100.csv": {
      "AutoSklearn2Classifier(memory_limit=4096, n_jobs=-1, time_left_for_this_task=30)": {
        "Accuracy": 0.8992592592592592,
        "Std Dev": 0.01616954070588377
      }
    },
    "b5000d10.csv": {
      "AutoSklearn2Classifier(memory_limit=4096, n_jobs=-1, time_left_for_this_task=30)": {
        "Accuracy": 0.9562962962962963,
        "Std Dev": 0.010644524343111058
      }
    },
    "b1000d30.csv": {
      "AutoSklearn2Classifier(memory_limit=4096, n_jobs=-1, time_left_for_this_task=30)": {
        "Accuracy": 0.961111111111111,
        "Std Dev": 0.006415002990995844
      }
    },
    "b100d30.csv": {
      "AutoSklearn2Classifier(memory_limit=4096, n_jobs=-1, time_left_for_this_task=30)": {
        "Accuracy": 0.7729629629629631,
        "Std Dev": 0.30322591142705496
      }
    }
  }
}