{
  "0.4": {
    "b5000d100.csv": {
      "AutoSklearn2Classifier(memory_limit=4096, n_jobs=-1, time_left_for_this_task=60)": {
        "Accuracy": 0.9059259259259259,
        "Std Dev": 0.03259259259259262
      }
    },
    "b5000d30.csv": {
      "AutoSklearn2Classifier(memory_limit=4096, n_jobs=-1, time_left_for_this_task=60)": {
        "Accuracy": 0.9074074074074074,
        "Std Dev": 0.03037037037037038
      }
    },
    "b100d10.csv": {
      "AutoSklearn2Classifier(memory_limit=4096, n_jobs=-1, time_left_for_this_task=60)": {
        "Accuracy": 0.875925925925926,
        "Std Dev": 0.03666666666666668
      }
    },
    "b1000d10.csv": {
      "AutoSklearn2Classifier(memory_limit=4096, n_jobs=-1, time_left_for_this_task=60)": {
        "Accuracy": 0.9562962962962962,
        "Std Dev": 0.03925925925925927
      }
    },
    "b1000d100.csv": {
      "AutoSklearn2Classifier(memory_limit=4096, n_jobs=-1, time_left_for_this_task=60)": {
        "Accuracy": 0.9162962962962964,
        "Std Dev": 0.029629629629629617
      }
    },
    "b100d100.csv": {
      "AutoSklearn2Classifier(memory_limit=4096, n_jobs=-1, time_left_for_this_task=60)": {
        "Accuracy": 0.9233333333333333,
        "Std Dev": 0.02259259259259261
      }
    },
    "b5000d10.csv": {
      "AutoSklearn2Classifier(memory_limit=4096, n_jobs=-1, time_left_for_this_task=60)": {
        "Accuracy": 0.9255555555555556,
        "Std Dev": 0.024814814814814845
      }
    },
    "b1000d30.csv": {
      "AutoSklearn2Classifier(memory_limit=4096, n_jobs=-1, time_left_for_this_task=60)": {
        "Accuracy": 0.8981481481481481,
        "Std Dev": 0.0062962962962963
      }
    },
    "b100d30.csv": {
      "AutoSklearn2Classifier(memory_limit=4096, n_jobs=-1, time_left_for_this_task=60)": {
        "Accuracy": 0.9007407407407407,
        "Std Dev": 0.005185185185185182
      }
    }
  }
}