{
  "b1000d60.csv": {
    "ASKL": {
      "b1000d35.csv": {
        "Accuracy": 0.8421637643571693
      }
    }
  },
  "b1000d35.csv": {
    "ASKL": {
      "b1000d60.csv": {
        "Accuracy": 0.8533333333333334
      }
    }
  }
}{
  "b1000d60.csv": {
    "ASKL": {
      "b1000d35.csv": {
        "Accuracy": 0.8421637643571693
      }
    }
  },
  "b1000d35.csv": {
    "ASKL": {
      "b1000d60.csv": {
        "Accuracy": 0.8533333333333334
      }
    }
  }
}