model_id,rank,ensemble_weight,type,cost,duration
3,1,0.42,random_forest,0.07631874298540964,5.876053094863892
2,2,0.52,random_forest,0.0785634118967452,5.163751602172852
4,3,0.02,libsvm_svc,0.2828282828282829,2.510733127593994
5,4,0.04,libsvm_svc,0.47138047138047134,5.062085151672363
4,1,0.32,random_forest,0.06734006734006737,5.716905117034912
3,2,0.36,random_forest,0.06846240179573515,5.067428112030029
5,3,0.14,libsvm_svc,0.3108866442199776,2.787663698196411
7,4,0.18,libsvm_svc,0.6857463524130191,4.060245513916016
model_id,rank,ensemble_weight,type,cost,duration
5,1,0.42,random_forest,0.07631874298540964,5.539381504058838
4,2,0.52,random_forest,0.0785634118967452,5.3862104415893555
6,3,0.02,libsvm_svc,0.2828282828282829,2.5016350746154785
7,4,0.04,libsvm_svc,0.47138047138047134,3.800478219985962
6,1,0.32,random_forest,0.06734006734006737,6.078909873962402
5,2,0.36,random_forest,0.06846240179573515,5.493868350982666
7,3,0.14,libsvm_svc,0.3108866442199776,2.53007173538208
9,4,0.18,libsvm_svc,0.6857463524130191,4.099855899810791
