{
  "b5000d100.csv": {
    "ASKL": {
      "b5000d30.csv": {
        "Accuracy": 0.9174074074074074
      },
      "b100d10.csv": {
        "Accuracy": 0.6988888888888889
      },
      "b1000d10.csv": {
        "Accuracy": 0.7240740740740741
      },
      "b1000d100.csv": {
        "Accuracy": 0.902962962962963
      },
      "b100d100.csv": {
        "Accuracy": 0.5233333333333333
      },
      "b5000d10.csv": {
        "Accuracy": 0.8922222222222222
      },
      "b1000d30.csv": {
        "Accuracy": 0.8837037037037037
      },
      "b100d30.csv": {
        "Accuracy": 0.5118518518518519
      }
    }
  },
  "b5000d30.csv": {
    "ASKL": {
      "b5000d100.csv": {
        "Accuracy": 0.8781481481481481
      },
      "b100d10.csv": {
        "Accuracy": 0.752962962962963
      },
      "b1000d10.csv": {
        "Accuracy": 0.8548148148148148
      },
      "b1000d100.csv": {
        "Accuracy": 0.8977777777777778
      },
      "b100d100.csv": {
        "Accuracy": 0.6866666666666666
      },
      "b5000d10.csv": {
        "Accuracy": 0.9207407407407407
      },
      "b1000d30.csv": {
        "Accuracy": 0.9481481481481482
      },
      "b100d30.csv": {
        "Accuracy": 0.7166666666666667
      }
    }
  },
  "b100d10.csv": {
    "ASKL": {
      "b5000d100.csv": {
        "Accuracy": 0.6833333333333333
      },
      "b5000d30.csv": {
        "Accuracy": 0.5825925925925926
      },
      "b1000d10.csv": {
        "Accuracy": 0.6766666666666666
      },
      "b1000d100.csv": {
        "Accuracy": 0.7762962962962963
      },
      "b100d100.csv": {
        "Accuracy": 0.7177777777777777
      },
      "b5000d10.csv": {
        "Accuracy": 0.6155555555555555
      },
      "b1000d30.csv": {
        "Accuracy": 0.6596296296296297
      },
      "b100d30.csv": {
        "Accuracy": 0.7266666666666667
      }
    }
  },
  "b1000d10.csv": {
    "ASKL": {
      "b5000d100.csv": {
        "Accuracy": 0.5785185185185185
      },
      "b5000d30.csv": {
        "Accuracy": 0.6866666666666666
      },
      "b100d10.csv": {
        "Accuracy": 0.5396296296296297
      },
      "b1000d100.csv": {
        "Accuracy": 0.6455555555555555
      },
      "b100d100.csv": {
        "Accuracy": 0.7255555555555555
      },
      "b5000d10.csv": {
        "Accuracy": 0.8233333333333334
      },
      "b1000d30.csv": {
        "Accuracy": 0.7451851851851852
      },
      "b100d30.csv": {
        "Accuracy": 0.6811111111111111
      }
    }
  },
  "b1000d100.csv": {
    "ASKL": {
      "b5000d100.csv": {
        "Accuracy": 0.8925925925925926
      },
      "b5000d30.csv": {
        "Accuracy": 0.8803703703703704
      },
      "b100d10.csv": {
        "Accuracy": 0.7466666666666667
      },
      "b1000d10.csv": {
        "Accuracy": 0.76
      },
      "b100d100.csv": {
        "Accuracy": 0.7248148148148148
      },
      "b5000d10.csv": {
        "Accuracy": 0.7781481481481481
      },
      "b1000d30.csv": {
        "Accuracy": 0.9025925925925926
      },
      "b100d30.csv": {
        "Accuracy": 0.7014814814814815
      }
    }
  },
  "b100d100.csv": {
    "ASKL": {
      "b5000d100.csv": {
        "Accuracy": 0.8633333333333333
      },
      "b5000d30.csv": {
        "Accuracy": 0.707037037037037
      },
      "b100d10.csv": {
        "Accuracy": 0.6966666666666667
      },
      "b1000d10.csv": {
        "Accuracy": 0.7066666666666667
      },
      "b1000d100.csv": {
        "Accuracy": 0.8870370370370371
      },
      "b5000d10.csv": {
        "Accuracy": 0.6018518518518519
      },
      "b1000d30.csv": {
        "Accuracy": 0.6544444444444445
      },
      "b100d30.csv": {
        "Accuracy": 0.6807407407407408
      }
    }
  },
  "b5000d10.csv": {
    "ASKL": {
      "b5000d100.csv": {
        "Accuracy": 0.7574074074074074
      },
      "b5000d30.csv": {
        "Accuracy": 0.8429629629629629
      },
      "b100d10.csv": {
        "Accuracy": 0.6755555555555556
      },
      "b1000d10.csv": {
        "Accuracy": 0.8214814814814815
      },
      "b1000d100.csv": {
        "Accuracy": 0.8425925925925926
      },
      "b100d100.csv": {
        "Accuracy": 0.5125925925925926
      },
      "b1000d30.csv": {
        "Accuracy": 0.8396296296296296
      },
      "b100d30.csv": {
        "Accuracy": 0.5222222222222223
      }
    }
  },
  "b1000d30.csv": {
    "ASKL": {
      "b5000d100.csv": {
        "Accuracy": 0.8266666666666667
      },
      "b5000d30.csv": {
        "Accuracy": 0.8981481481481481
      },
      "b100d10.csv": {
        "Accuracy": 0.7318518518518519
      },
      "b1000d10.csv": {
        "Accuracy": 0.8729629629629629
      },
      "b1000d100.csv": {
        "Accuracy": 0.8740740740740741
      },
      "b100d100.csv": {
        "Accuracy": 0.5611111111111111
      },
      "b5000d10.csv": {
        "Accuracy": 0.9303703703703704
      },
      "b100d30.csv": {
        "Accuracy": 0.5914814814814815
      }
    }
  },
  "b100d30.csv": {
    "ASKL": {
      "b5000d100.csv": {
        "Accuracy": 0.6407407407407407
      },
      "b5000d30.csv": {
        "Accuracy": 0.6148148148148148
      },
      "b100d10.csv": {
        "Accuracy": 0.632962962962963
      },
      "b1000d10.csv": {
        "Accuracy": 0.6948148148148148
      },
      "b1000d100.csv": {
        "Accuracy": 0.6911111111111111
      },
      "b100d100.csv": {
        "Accuracy": 0.6914814814814815
      },
      "b5000d10.csv": {
        "Accuracy": 0.6266666666666667
      },
      "b1000d30.csv": {
        "Accuracy": 0.6692592592592592
      }
    }
  }
}