{
  "b1000d35.csv": {
    "RandomForestClassifier()": {
      "b1000d60.csv": {
        "Accuracy": 0.5585185185185185
      }
    },
    "GradientBoostingClassifier()": {
      "b1000d60.csv": {
        "Accuracy": 0.5522222222222222
      }
    },
    "DecisionTreeClassifier()": {
      "b1000d60.csv": {
        "Accuracy": 0.6966666666666667
      }
    },
    "MLPClassifier()": {
      "b1000d60.csv": {
        "Accuracy": 0.3214814814814815
      }
    },
    "LinearSVC()": {
      "b1000d60.csv": {
        "Accuracy": 0.16666666666666666
      }
    }
  },
  "b1000d60.csv": {
    "RandomForestClassifier()": {
      "b1000d35.csv": {
        "Accuracy": 0.3812523156724713
      }
    },
    "GradientBoostingClassifier()": {
      "b1000d35.csv": {
        "Accuracy": 0.49092256391256023
      }
    },
    "DecisionTreeClassifier()": {
      "b1000d35.csv": {
        "Accuracy": 0.5001852537977028
      }
    },
    "MLPClassifier()": {
      "b1000d35.csv": {
        "Accuracy": 0.3327158206743238
      }
    },
    "LinearSVC()": {
      "b1000d35.csv": {
        "Accuracy": 0.3827343460540941
      }
    }
  }
}{
  "b1000d35.csv": {
    "RandomForestClassifier()": {
      "b1000d60.csv": {
        "Accuracy": 0.552962962962963
      }
    },
    "GradientBoostingClassifier()": {
      "b1000d60.csv": {
        "Accuracy": 0.552962962962963
      }
    },
    "DecisionTreeClassifier()": {
      "b1000d60.csv": {
        "Accuracy": 0.6507407407407407
      }
    },
    "MLPClassifier()": {
      "b1000d60.csv": {
        "Accuracy": 0.2911111111111111
      }
    },
    "LinearSVC()": {
      "b1000d60.csv": {
        "Accuracy": 0.16666666666666666
      }
    }
  },
  "b1000d60.csv": {
    "RandomForestClassifier()": {
      "b1000d35.csv": {
        "Accuracy": 0.37495368655057426
      }
    },
    "GradientBoostingClassifier()": {
      "b1000d35.csv": {
        "Accuracy": 0.49092256391256023
      }
    },
    "DecisionTreeClassifier()": {
      "b1000d35.csv": {
        "Accuracy": 0.5001852537977028
      }
    },
    "MLPClassifier()": {
      "b1000d35.csv": {
        "Accuracy": 0.3330863282697295
      }
    },
    "LinearSVC()": {
      "b1000d35.csv": {
        "Accuracy": 0.3827343460540941
      }
    }
  }
}{
  "b1000d35.csv": {
    "RandomForestClassifier()": {
      "b1000d60.csv": {
        "Accuracy": 0.5696296296296296
      }
    },
    "GradientBoostingClassifier()": {
      "b1000d60.csv": {
        "Accuracy": 0.5555555555555556
      }
    },
    "DecisionTreeClassifier()": {
      "b1000d60.csv": {
        "Accuracy": 0.6996296296296296
      }
    },
    "MLPClassifier()": {
      "b1000d60.csv": {
        "Accuracy": 0.17962962962962964
      }
    },
    "LinearSVC()": {
      "b1000d60.csv": {
        "Accuracy": 0.16666666666666666
      }
    }
  },
  "b1000d60.csv": {
    "RandomForestClassifier()": {
      "b1000d35.csv": {
        "Accuracy": 0.37347165616895145
      }
    },
    "GradientBoostingClassifier()": {
      "b1000d35.csv": {
        "Accuracy": 0.49092256391256023
      }
    },
    "DecisionTreeClassifier()": {
      "b1000d35.csv": {
        "Accuracy": 0.3693960726194887
      }
    },
    "MLPClassifier()": {
      "b1000d35.csv": {
        "Accuracy": 0.3330863282697295
      }
    },
    "LinearSVC()": {
      "b1000d35.csv": {
        "Accuracy": 0.3827343460540941
      }
    }
  }
}{
  "b1000d35.csv": {
    "RandomForestClassifier()": {
      "b1000d60.csv": {
        "Accuracy": 0.557037037037037
      }
    },
    "GradientBoostingClassifier()": {
      "b1000d60.csv": {
        "Accuracy": 0.5522222222222222
      }
    },
    "DecisionTreeClassifier()": {
      "b1000d60.csv": {
        "Accuracy": 0.6570370370370371
      }
    },
    "MLPClassifier()": {
      "b1000d60.csv": {
        "Accuracy": 0.2733333333333333
      }
    },
    "LinearSVC()": {
      "b1000d60.csv": {
        "Accuracy": 0.16666666666666666
      }
    }
  },
  "b1000d60.csv": {
    "RandomForestClassifier()": {
      "b1000d35.csv": {
        "Accuracy": 0.39755464987032235
      }
    },
    "GradientBoostingClassifier()": {
      "b1000d35.csv": {
        "Accuracy": 0.49092256391256023
      }
    },
    "DecisionTreeClassifier()": {
      "b1000d35.csv": {
        "Accuracy": 0.3693960726194887
      }
    },
    "MLPClassifier()": {
      "b1000d35.csv": {
        "Accuracy": 0.33382734346054094
      }
    },
    "LinearSVC()": {
      "b1000d35.csv": {
        "Accuracy": 0.3827343460540941
      }
    }
  }
}{
  "b1000d35.csv": {
    "RandomForestClassifier()": {
      "b1000d60.csv": {
        "Accuracy": 0.7177777777777777
      }
    },
    "GradientBoostingClassifier()": {
      "b1000d60.csv": {
        "Accuracy": 0.5525925925925926
      }
    },
    "DecisionTreeClassifier()": {
      "b1000d60.csv": {
        "Accuracy": 0.6437037037037037
      }
    },
    "MLPClassifier()": {
      "b1000d60.csv": {
        "Accuracy": 0.1674074074074074
      }
    },
    "LinearSVC()": {
      "b1000d60.csv": {
        "Accuracy": 0.16666666666666666
      }
    }
  },
  "b1000d60.csv": {
    "RandomForestClassifier()": {
      "b1000d35.csv": {
        "Accuracy": 0.3831048536494998
      }
    },
    "GradientBoostingClassifier()": {
      "b1000d35.csv": {
        "Accuracy": 0.49092256391256023
      }
    },
    "DecisionTreeClassifier()": {
      "b1000d35.csv": {
        "Accuracy": 0.3693960726194887
      }
    },
    "MLPClassifier()": {
      "b1000d35.csv": {
        "Accuracy": 0.3330863282697295
      }
    },
    "LinearSVC()": {
      "b1000d35.csv": {
        "Accuracy": 0.3827343460540941
      }
    }
  }
}