{"expanse": {"cubic": {"b1000d60": {"AutoSklearnClassifier(memory_limit=4096, n_jobs=-1, time_left_for_this_task=30)": {"Accuracy": 0.9733333333333333, "Std Dev": 0.004714045207910321}, "AutoSklearn2Classifier(memory_limit=4096, n_jobs=-1, time_left_for_this_task=30)": {"Accuracy": 0.9733333333333333, "Std Dev": 0.004714045207910321}}}, "htcp": {"b1000d60": {"AutoSklearnClassifier(memory_limit=4096, n_jobs=-1, time_left_for_this_task=30)": {"Accuracy": 0.9466666666666667, "Std Dev": 0.016996731711975927}, "AutoSklearn2Classifier(memory_limit=4096, n_jobs=-1, time_left_for_this_task=30)": {"Accuracy": 0.9566666666666667, "Std Dev": 0.009428090415820642}}}, "bbr": {"b1000d60": {"AutoSklearnClassifier(memory_limit=4096, n_jobs=-1, time_left_for_this_task=30)": {"Accuracy": 0.9866666666666667, "Std Dev": 0.004714045207910321}, "AutoSklearn2Classifier(memory_limit=4096, n_jobs=-1, time_left_for_this_task=30)": {"Accuracy": 0.9899999999999999, "Std Dev": 1.1102230246251565e-16}}}}, "chameleon": {"cubic": {"b1000d35": {"AutoSklearnClassifier(memory_limit=4096, n_jobs=-1, time_left_for_this_task=30)": {"Accuracy": 0.9733333333333333, "Std Dev": 0.004714045207910321}, "AutoSklearn2Classifier(memory_limit=4096, n_jobs=-1, time_left_for_this_task=30)": {"Accuracy": 0.9733333333333333, "Std Dev": 0.009428090415820642}}}, "htcp": {"b1000d35": {"AutoSklearnClassifier(memory_limit=4096, n_jobs=-1, time_left_for_this_task=30)": {"Accuracy": 0.9700000000000001, "Std Dev": 0.008164965809277268}, "AutoSklearn2Classifier(memory_limit=4096, n_jobs=-1, time_left_for_this_task=30)": {"Accuracy": 0.9833333333333334, "Std Dev": 0.004714045207910321}}}, "bbr": {"b1000d35": {"AutoSklearnClassifier(memory_limit=4096, n_jobs=-1, time_left_for_this_task=30)": {"Accuracy": 0.9866666666666667, "Std Dev": 0.004714045207910321}, "AutoSklearn2Classifier(memory_limit=4096, n_jobs=-1, time_left_for_this_task=30)": {"Accuracy": 0.9933333333333333, "Std Dev": 0.004714045207910321}}}}}