{
  "0.4": {
    "b5000d100.csv": {
      "RandomForestClassifier()": {
        "Accuracy": 0.6455555555555555,
        "Balanced Accuracy": 0.6455555555555555,
        "F1 Micro": 0.6455555555555555,
        "Precision Micro": 0.6455555555555555,
        "Recall Micro": 0.6455555555555555,
        "Runtime": 0.589083107999997
      },
      "GradientBoostingClassifier()": {
        "Accuracy": 0.667037037037037,
        "Balanced Accuracy": 0.6670370370370371,
        "F1 Micro": 0.667037037037037,
        "Precision Micro": 0.667037037037037,
        "Recall Micro": 0.667037037037037,
        "Runtime": 7.809038598000001
      },
      "DecisionTreeClassifier()": {
        "Accuracy": 0.7848148148148149,
        "Balanced Accuracy": 0.784814814814815,
        "F1 Micro": 0.7848148148148149,
        "Precision Micro": 0.7848148148148149,
        "Recall Micro": 0.7848148148148149,
        "Runtime": 0.0226315979999967
      },
      "MLPClassifier()": {
        "Accuracy": 0.6585185185185185,
        "Balanced Accuracy": 0.6585185185185185,
        "F1 Micro": 0.6585185185185185,
        "Precision Micro": 0.6585185185185185,
        "Recall Micro": 0.6585185185185185,
        "Runtime": 20.07414886800001
      },
      "LinearSVC()": {
        "Accuracy": 0.7133333333333334,
        "Balanced Accuracy": 0.7133333333333334,
        "F1 Micro": 0.7133333333333335,
        "Precision Micro": 0.7133333333333335,
        "Recall Micro": 0.7133333333333334,
        "Runtime": 0.17947538699999654
      }
    },
    "b5000d30.csv": {
      "RandomForestClassifier()": {
        "Accuracy": 0.7818518518518518,
        "Balanced Accuracy": 0.7818518518518518,
        "F1 Micro": 0.7818518518518517,
        "Precision Micro": 0.7818518518518517,
        "Recall Micro": 0.7818518518518518,
        "Runtime": 0.5204395230000074
      },
      "GradientBoostingClassifier()": {
        "Accuracy": 0.8062962962962963,
        "Balanced Accuracy": 0.8062962962962964,
        "F1 Micro": 0.8062962962962963,
        "Precision Micro": 0.8062962962962963,
        "Recall Micro": 0.8062962962962963,
        "Runtime": 8.407405626
      },
      "DecisionTreeClassifier()": {
        "Accuracy": 0.7377777777777778,
        "Balanced Accuracy": 0.7377777777777778,
        "F1 Micro": 0.7377777777777778,
        "Precision Micro": 0.7377777777777778,
        "Recall Micro": 0.7377777777777778,
        "Runtime": 0.028035454999994158
      },
      "MLPClassifier()": {
        "Accuracy": 0.7337037037037037,
        "Balanced Accuracy": 0.7337037037037036,
        "F1 Micro": 0.7337037037037037,
        "Precision Micro": 0.7337037037037037,
        "Recall Micro": 0.7337037037037037,
        "Runtime": 15.652626775999991
      },
      "LinearSVC()": {
        "Accuracy": 0.65,
        "Balanced Accuracy": 0.65,
        "F1 Micro": 0.65,
        "Precision Micro": 0.65,
        "Recall Micro": 0.65,
        "Runtime": 0.26648355400001833
      }
    },
    "b100d10.csv": {
      "RandomForestClassifier()": {
        "Accuracy": 0.7674074074074074,
        "Balanced Accuracy": 0.7674074074074074,
        "F1 Micro": 0.7674074074074074,
        "Precision Micro": 0.7674074074074074,
        "Recall Micro": 0.7674074074074074,
        "Runtime": 0.5053847140000016
      },
      "GradientBoostingClassifier()": {
        "Accuracy": 0.9122222222222223,
        "Balanced Accuracy": 0.9122222222222223,
        "F1 Micro": 0.9122222222222223,
        "Precision Micro": 0.9122222222222223,
        "Recall Micro": 0.9122222222222223,
        "Runtime": 8.910309774000012
      },
      "DecisionTreeClassifier()": {
        "Accuracy": 0.6988888888888889,
        "Balanced Accuracy": 0.6988888888888889,
        "F1 Micro": 0.6988888888888889,
        "Precision Micro": 0.6988888888888889,
        "Recall Micro": 0.6988888888888889,
        "Runtime": 0.02162827200001516
      },
      "MLPClassifier()": {
        "Accuracy": 0.8840740740740741,
        "Balanced Accuracy": 0.884074074074074,
        "F1 Micro": 0.8840740740740741,
        "Precision Micro": 0.8840740740740741,
        "Recall Micro": 0.8840740740740741,
        "Runtime": 17.359011882000004
      },
      "LinearSVC()": {
        "Accuracy": 0.8674074074074074,
        "Balanced Accuracy": 0.8674074074074074,
        "F1 Micro": 0.8674074074074074,
        "Precision Micro": 0.8674074074074074,
        "Recall Micro": 0.8674074074074074,
        "Runtime": 0.20654677000001698
      }
    },
    "b1000d10.csv": {
      "RandomForestClassifier()": {
        "Accuracy": 0.8192592592592592,
        "Balanced Accuracy": 0.8192592592592592,
        "F1 Micro": 0.8192592592592592,
        "Precision Micro": 0.8192592592592592,
        "Recall Micro": 0.8192592592592592,
        "Runtime": 0.7340923759999782
      },
      "GradientBoostingClassifier()": {
        "Accuracy": 0.8803703703703704,
        "Balanced Accuracy": 0.8803703703703704,
        "F1 Micro": 0.8803703703703704,
        "Precision Micro": 0.8803703703703704,
        "Recall Micro": 0.8803703703703704,
        "Runtime": 9.578970013999992
      },
      "DecisionTreeClassifier()": {
        "Accuracy": 0.8755555555555555,
        "Balanced Accuracy": 0.8755555555555556,
        "F1 Micro": 0.8755555555555555,
        "Precision Micro": 0.8755555555555555,
        "Recall Micro": 0.8755555555555555,
        "Runtime": 0.02543384599999854
      },
      "MLPClassifier()": {
        "Accuracy": 0.6344444444444445,
        "Balanced Accuracy": 0.6344444444444445,
        "F1 Micro": 0.6344444444444445,
        "Precision Micro": 0.6344444444444445,
        "Recall Micro": 0.6344444444444445,
        "Runtime": 18.852274491000003
      },
      "LinearSVC()": {
        "Accuracy": 0.6685185185185185,
        "Balanced Accuracy": 0.6685185185185185,
        "F1 Micro": 0.6685185185185185,
        "Precision Micro": 0.6685185185185185,
        "Recall Micro": 0.6685185185185185,
        "Runtime": 0.17445859100001826
      }
    },
    "b1000d100.csv": {
      "RandomForestClassifier()": {
        "Accuracy": 0.8351851851851851,
        "Balanced Accuracy": 0.8351851851851851,
        "F1 Micro": 0.8351851851851853,
        "Precision Micro": 0.8351851851851853,
        "Recall Micro": 0.8351851851851851,
        "Runtime": 0.4974520380000058
      },
      "GradientBoostingClassifier()": {
        "Accuracy": 0.5611111111111111,
        "Balanced Accuracy": 0.5611111111111111,
        "F1 Micro": 0.5611111111111111,
        "Precision Micro": 0.5611111111111111,
        "Recall Micro": 0.5611111111111111,
        "Runtime": 7.446475980999992
      },
      "DecisionTreeClassifier()": {
        "Accuracy": 0.8355555555555556,
        "Balanced Accuracy": 0.8355555555555556,
        "F1 Micro": 0.8355555555555556,
        "Precision Micro": 0.8355555555555556,
        "Recall Micro": 0.8355555555555556,
        "Runtime": 0.02421739700002945
      },
      "MLPClassifier()": {
        "Accuracy": 0.7151851851851851,
        "Balanced Accuracy": 0.7151851851851853,
        "F1 Micro": 0.7151851851851851,
        "Precision Micro": 0.7151851851851851,
        "Recall Micro": 0.7151851851851851,
        "Runtime": 17.00830946100001
      },
      "LinearSVC()": {
        "Accuracy": 0.7485185185185185,
        "Balanced Accuracy": 0.7485185185185186,
        "F1 Micro": 0.7485185185185185,
        "Precision Micro": 0.7485185185185185,
        "Recall Micro": 0.7485185185185185,
        "Runtime": 0.218993552000029
      }
    },
    "b100d100.csv": {
      "RandomForestClassifier()": {
        "Accuracy": 0.7644444444444445,
        "Balanced Accuracy": 0.7644444444444444,
        "F1 Micro": 0.7644444444444445,
        "Precision Micro": 0.7644444444444445,
        "Recall Micro": 0.7644444444444445,
        "Runtime": 0.7730896889999599
      },
      "GradientBoostingClassifier()": {
        "Accuracy": 0.9440740740740741,