{
  "0.4": {
    "b5000d100.csv": {
      "AutoSklearnClassifier(memory_limit=4096, n_jobs=-1, time_left_for_this_task=30)": {
        "Accuracy": 0.9655555555555557,
        "Std Dev": 0.02450049690154256
      }
    },
    "b5000d30.csv": {
      "AutoSklearnClassifier(memory_limit=4096, n_jobs=-1, time_left_for_this_task=30)": {
        "Accuracy": 0.9844444444444445,
        "Std Dev": 0.009979402655783317
      }
    },
    "b100d10.csv": {
      "AutoSklearnClassifier(memory_limit=4096, n_jobs=-1, time_left_for_this_task=30)": {
        "Accuracy": 0.9966666666666667,
        "Std Dev": 0.00412426989839259
      }
    },
    "b1000d10.csv": {
      "AutoSklearnClassifier(memory_limit=4096, n_jobs=-1, time_left_for_this_task=30)": {
        "Accuracy": 0.9981481481481481,
        "Std Dev": 0.002028602064833941
      }
    },
    "b1000d100.csv": {
      "AutoSklearnClassifier(memory_limit=4096, n_jobs=-1, time_left_for_this_task=30)": {
        "Accuracy": 0.9670370370370371,
        "Std Dev": 0.018384701697764242
      }
    },
    "b100d100.csv": {
      "AutoSklearnClassifier(memory_limit=4096, n_jobs=-1, time_left_for_this_task=30)": {
        "Accuracy": 0.8685185185185185,
        "Std Dev": 0.21043752188543743
      }
    },
    "b5000d10.csv": {
      "AutoSklearnClassifier(memory_limit=4096, n_jobs=-1, time_left_for_this_task=30)": {
        "Accuracy": 0.6974074074074074,
        "Std Dev": 0.3638492580435958
      }
    },
    "b1000d30.csv": {
      "AutoSklearnClassifier(memory_limit=4096, n_jobs=-1, time_left_for_this_task=30)": {
        "Accuracy": 0.9862962962962964,
        "Std Dev": 0.008654312181887374
      }
    },
    "b100d30.csv": {
      "AutoSklearnClassifier(memory_limit=4096, n_jobs=-1, time_left_for_this_task=30)": {
        "Accuracy": 0.9892592592592593,
        "Std Dev": 0.00578537013030121
      }
    }
  }
}
