{
  "0.2": {
    "AutoSklearn2Classifier(memory_limit=4096, metric=accuracy, n_jobs=-1,\n                       per_run_time_limit=12, time_left_for_this_task=30)": {
      "Accuracy": 0.9897942386831277,
      "Balanced Accuracy": 0.989649566601902,
      "F1 Micro": 0.9897942386831277,
      "Precision Micro": 0.9897942386831277,
      "Recall Micro": 0.9897942386831277,
      "Runtime": 13.603952477999997
    }
  },
  "0.4": {
    "AutoSklearn2Classifier(memory_limit=4096, metric=accuracy, n_jobs=-1,\n                       per_run_time_limit=12, time_left_for_this_task=30)": {
      "Accuracy": 0.9893004115226337,
      "Balanced Accuracy": 0.9892462824888422,
      "F1 Micro": 0.9893004115226337,
      "Precision Micro": 0.9893004115226337,
      "Recall Micro": 0.9893004115226337,
      "Runtime": 21.807990233777772
    }
  }
}
