model_id,rank,ensemble_weight,type,cost,duration
2,1,0.06,gradient_boosting,0.07370370370370369,13.117237091064453
5,2,0.06,gradient_boosting,0.07555555555555556,15.838713884353638
9,3,0.1,gradient_boosting,0.0762962962962963,10.455856561660767
3,4,0.04,extra_trees,0.0774074074074074,7.979600191116333
15,5,0.02,random_forest,0.07888888888888888,9.485276937484741
7,6,0.06,gradient_boosting,0.07925925925925925,9.466156005859375
11,7,0.18,gradient_boosting,0.09185185185185189,10.142253875732422
10,8,0.02,extra_trees,0.09370370370370372,8.058150053024292
16,9,0.02,extra_trees,0.10296296296296298,6.2470176219940186
17,10,0.04,extra_trees,0.11592592592592596,6.039722919464111
8,11,0.02,mlp,0.14333333333333334,24.851064205169678
12,12,0.38,sgd,0.6574074074074074,7.038550615310669
3,1,0.08,gradient_boosting,0.04853649499814747,13.781005859375
4,2,0.04,extra_trees,0.053723601333827344,8.701023578643799
8,3,0.02,gradient_boosting,0.055946646906261575,9.66134762763977
16,4,0.02,random_forest,0.06335679881437568,10.240503549575806
19,5,0.02,gradient_boosting,0.06928492034086699,4.545358657836914
15,6,0.02,gradient_boosting,0.07632456465357539,10.130607604980469
12,7,0.02,gradient_boosting,0.07817710263060391,10.094322204589844
9,8,0.02,mlp,0.13153019636902558,24.556143283843994
7,9,0.06,mlp,0.32271211559836976,22.434887886047363
13,10,0.7,sgd,0.5898480918858837,6.662101745605469
model_id,rank,ensemble_weight,type,cost,duration
5,1,0.12,gradient_boosting,0.04853649499814747,14.22375774383545
12,2,0.06,gradient_boosting,0.05001852537977029,11.041144609451294
6,3,0.16,extra_trees,0.053723601333827344,9.01186728477478
10,4,0.1,gradient_boosting,0.055946646906261575,10.007059335708618
18,5,0.02,random_forest,0.06335679881437568,8.110116720199585
13,6,0.08,extra_trees,0.07039644312708412,8.885448455810547
17,7,0.06,gradient_boosting,0.0826231937754724,9.467402935028076
7,8,0.02,sgd,0.12708410522415708,7.781246662139893
11,9,0.02,mlp,0.13153019636902558,24.133399963378906
9,10,0.04,mlp,0.32271211559836976,23.571279764175415
16,11,0.06,gradient_boosting,0.5583549462763987,9.220273971557617
15,12,0.26,sgd,0.5898480918858837,6.91883397102356
