{
  "0.4": {
    "b5000d100.csv": {
      "AutoSklearn2Classifier(memory_limit=4096, n_jobs=-1,\n                       time_left_for_this_task=300)": {
        "Accuracy": 0.9218518518518519,
        "Std Dev": 0.0314814814814815
      }
    },
    "b5000d30.csv": {
      "AutoSklearn2Classifier(memory_limit=4096, n_jobs=-1,\n                       time_left_for_this_task=300)": {
        "Accuracy": 0.9196296296296296,
        "Std Dev": 0.03666666666666668
      }
    },
    "b100d10.csv": {
      "AutoSklearn2Classifier(memory_limit=4096, n_jobs=-1,\n                       time_left_for_this_task=300)": {
        "Accuracy": 0.8807407407407407,
        "Std Dev": 0.008148148148148127
      }
    },
    "b1000d10.csv": {
      "AutoSklearn2Classifier(memory_limit=4096, n_jobs=-1,\n                       time_left_for_this_task=300)": {
        "Accuracy": 0.9648148148148148,
        "Std Dev": 0.02407407407407408
      }
    },
    "b1000d100.csv": {
      "AutoSklearn2Classifier(memory_limit=4096, n_jobs=-1,\n                       time_left_for_this_task=300)": {
        "Accuracy": 0.9418518518518519,
        "Std Dev": 0.016666666666666663
      }
    },
    "b100d100.csv": {
      "AutoSklearn2Classifier(memory_limit=4096, n_jobs=-1,\n                       time_left_for_this_task=300)": {
        "Accuracy": 0.9237037037037037,
        "Std Dev": 0.025925925925925908
      }
    },
    "b5000d10.csv": {
      "AutoSklearn2Classifier(memory_limit=4096, n_jobs=-1,\n                       time_left_for_this_task=300)": {
        "Accuracy": 0.9192592592592592,
        "Std Dev": 0.0044444444444444176
      }
    },
    "b1000d30.csv": {
      "AutoSklearn2Classifier(memory_limit=4096, n_jobs=-1,\n                       time_left_for_this_task=300)": {
        "Accuracy": 0.9048148148148148,
        "Std Dev": 0.00037037037037035425
      }
    },
    "b100d30.csv": {
      "AutoSklearn2Classifier(memory_limit=4096, n_jobs=-1,\n                       time_left_for_this_task=300)": {
        "Accuracy": 0.9177777777777778,
        "Std Dev": 0.014814814814814836
      }
    }
  }
}