{
  "0.4": {
    "b5000d100.csv": {
      "AutoSklearn2Classifier(memory_limit=4096, n_jobs=-1, time_left_for_this_task=60)": {
        "Accuracy": 0.9725925925925926,
        "Std Dev": 0.022962962962962963
      }
    },
    "b5000d30.csv": {
      "AutoSklearn2Classifier(memory_limit=4096, n_jobs=-1, time_left_for_this_task=60)": {
        "Accuracy": 0.9755555555555555,
        "Std Dev": 0.024444444444444435
      }
    },
    "b100d10.csv": {
      "AutoSklearn2Classifier(memory_limit=4096, n_jobs=-1, time_left_for_this_task=60)": {
        "Accuracy": 0.8577777777777778,
        "Std Dev": 0.029629629629629617
      }
    },
    "b1000d10.csv": {
      "AutoSklearn2Classifier(memory_limit=4096, n_jobs=-1, time_left_for_this_task=60)": {
        "Accuracy": 0.982962962962963,
        "Std Dev": 0.017037037037037017
      }
    },
    "b1000d100.csv": {
      "AutoSklearn2Classifier(memory_limit=4096, n_jobs=-1, time_left_for_this_task=60)": {
        "Accuracy": 0.977037037037037,
        "Std Dev": 0.014814814814814836
      }
    },
    "b100d100.csv": {
      "AutoSklearn2Classifier(memory_limit=4096, n_jobs=-1, time_left_for_this_task=60)": {
        "Accuracy": 0.9714814814814815,
        "Std Dev": 0.0285185185185185
      }
    },
    "b5000d10.csv": {
      "AutoSklearn2Classifier(memory_limit=4096, n_jobs=-1, time_left_for_this_task=60)": {
        "Accuracy": 0.9959259259259259,
        "Std Dev": 0.003333333333333355
      }
    },
    "b1000d30.csv": {
      "AutoSklearn2Classifier(memory_limit=4096, n_jobs=-1, time_left_for_this_task=60)": {
        "Accuracy": 0.9862962962962962,
        "Std Dev": 0.013703703703703718
      }
    },
    "b100d30.csv": {
      "AutoSklearn2Classifier(memory_limit=4096, n_jobs=-1, time_left_for_this_task=60)": {
        "Accuracy": 0.9888888888888889,
        "Std Dev": 0.011111111111111127
      }
    }
  }
}