{
  "b1000d60.csv": {
    "ASKL2": {
      "b1000d35.csv": {
        "Accuracy": 0.44164505372360136
      }
    }
  },
  "b1000d35.csv": {
    "ASKL2": {
      "b1000d60.csv": {
        "Accuracy": 0.534074074074074
      }
    }
  }
}{
  "b1000d60.csv": {
    "ASKL2": {
      "b1000d35.csv": {
        "Accuracy": 0.44349759170062986
      }
    }
  },
  "b1000d35.csv": {
    "ASKL2": {
      "b1000d60.csv": {
        "Accuracy": 0.5385185185185185
      }
    }
  }
}