{
  "0.4": {
    "AutoSklearnClassifier(memory_limit=4096, n_jobs=-1, per_run_time_limit=12,\n                      time_left_for_this_task=30)": {
      "Accuracy": 0.9338271604938271,
      "Balanced Accuracy": 0.9339088072521995,
      "F1 Micro": 0.9338271604938271,
      "Precision Micro": 0.9338271604938271,
      "Recall Micro": 0.9338271604938271,
      "Runtime": 9.025941965111112
    }
  }
}