{
  "b1000d10.csv": {
    "RandomForestClassifier()": {
      "Accuracy": 0.7530555555555556
    },
    "GradientBoostingClassifier()": {
      "Accuracy": 0.7526388888888889
    },
    "DecisionTreeClassifier()": {
      "Accuracy": 0.75375
    },
    "MLPClassifier()": {
      "Accuracy": 0.730462962962963
    },
    "LinearSVC()": {
      "Accuracy": 0.6585185185185185
    }
  },
  "b1000d100.csv": {
    "RandomForestClassifier()": {
      "Accuracy": 0.787962962962963
    },
    "GradientBoostingClassifier()": {
      "Accuracy": 0.7050925925925926
    },
    "DecisionTreeClassifier()": {
      "Accuracy": 0.7357407407407407
    },
    "MLPClassifier()": {
      "Accuracy": 0.7363425925925926
    },
    "LinearSVC()": {
      "Accuracy": 0.6939814814814815
    }
  },
  "b1000d30.csv": {
    "RandomForestClassifier()": {
      "Accuracy": 0.8015277777777777
    },
    "GradientBoostingClassifier()": {
      "Accuracy": 0.7810648148148148
    },
    "DecisionTreeClassifier()": {
      "Accuracy": 0.7593981481481481
    },
    "MLPClassifier()": {
      "Accuracy": 0.6984722222222223
    },
    "LinearSVC()": {
      "Accuracy": 0.7361574074074074
    }
  },
  "b100d10.csv": {
    "RandomForestClassifier()": {
      "Accuracy": 0.6979166666666666
    },
    "GradientBoostingClassifier()": {
      "Accuracy": 0.6289351851851852
    },
    "DecisionTreeClassifier()": {
      "Accuracy": 0.6806481481481481
    },
    "MLPClassifier()": {
      "Accuracy": 0.5399074074074074
    },
    "LinearSVC()": {
      "Accuracy": 0.5436574074074074
    }
  },
  "b100d100.csv": {
    "RandomForestClassifier()": {
      "Accuracy": 0.7011574074074074
    },
    "GradientBoostingClassifier()": {
      "Accuracy": 0.6624074074074074
    },
    "DecisionTreeClassifier()": {
      "Accuracy": 0.6430555555555556
    },
    "MLPClassifier()": {
      "Accuracy": 0.5836574074074075
    },
    "LinearSVC()": {
      "Accuracy": 0.6019444444444444
    }
  },
  "b100d30.csv": {
    "RandomForestClassifier()": {
      "Accuracy": 0.7069907407407408
    },
    "GradientBoostingClassifier()": {
      "Accuracy": 0.6380092592592592
    },
    "DecisionTreeClassifier()": {
      "Accuracy": 0.7096296296296296
    },
    "MLPClassifier()": {
      "Accuracy": 0.4987962962962963
    },
    "LinearSVC()": {
      "Accuracy": 0.5056018518518518
    }
  },
  "b5000d10.csv": {
    "RandomForestClassifier()": {
      "Accuracy": 0.7718055555555555
    },
    "GradientBoostingClassifier()": {
      "Accuracy": 0.749537037037037
    },
    "DecisionTreeClassifier()": {
      "Accuracy": 0.7713888888888889
    },
    "MLPClassifier()": {
      "Accuracy": 0.7168981481481481
    },
    "LinearSVC()": {
      "Accuracy": 0.6966666666666667
    }
  },
  "b5000d100.csv": {
    "RandomForestClassifier()": {
      "Accuracy": 0.7839351851851852
    },
    "GradientBoostingClassifier()": {
      "Accuracy": 0.7191666666666666
    },
    "DecisionTreeClassifier()": {
      "Accuracy": 0.72875
    },
    "MLPClassifier()": {
      "Accuracy": 0.7293518518518518
    },
    "LinearSVC()": {
      "Accuracy": 0.7065277777777778
    }
  },
  "b5000d30.csv": {
    "RandomForestClassifier()": {
      "Accuracy": 0.8313888888888888
    },
    "GradientBoostingClassifier()": {
      "Accuracy": 0.7799537037037036
    },
    "DecisionTreeClassifier()": {
      "Accuracy": 0.7451388888888889
    },
    "MLPClassifier()": {
      "Accuracy": 0.7243981481481482
    },
    "LinearSVC()": {
      "Accuracy": 0.7193981481481482
    }
  }
}{
  "b1000d10.csv": {
    "RandomForestClassifier()": {
      "Accuracy": 0.7432407407407408
    },
    "GradientBoostingClassifier()": {
      "Accuracy": 0.7520370370370371
    },
    "DecisionTreeClassifier()": {
      "Accuracy": 0.7508796296296296
    },
    "MLPClassifier()": {
      "Accuracy": 0.7144907407407407
    },
    "LinearSVC()": {
      "Accuracy": 0.6585185185185185
    }
  },
  "b1000d100.csv": {
    "RandomForestClassifier()": {
      "Accuracy": 0.7875925925925926
    },
    "GradientBoostingClassifier()": {
      "Accuracy": 0.7050462962962963
    },
    "DecisionTreeClassifier()": {
      "Accuracy": 0.7465277777777778
    },
    "MLPClassifier()": {
      "Accuracy": 0.7177777777777777
    },
    "LinearSVC()": {
      "Accuracy": 0.6939814814814815
    }
  },
  "b1000d30.csv": {
    "RandomForestClassifier()": {
      "Accuracy": 0.8158333333333333
    },
    "GradientBoostingClassifier()": {
      "Accuracy": 0.799675925925926
    },
    "DecisionTreeClassifier()": {
      "Accuracy": 0.7045370370370371
    },
    "MLPClassifier()": {
      "Accuracy": 0.6977777777777778
    },
    "LinearSVC()": {
      "Accuracy": 0.7361574074074074
    }
  },
  "b100d10.csv": {
    "RandomForestClassifier()": {
      "Accuracy": 0.69875
    },
    "GradientBoostingClassifier()": {
      "Accuracy": 0.6288425925925926
    },
    "DecisionTreeClassifier()": {
      "Accuracy": 0.6611111111111111
    },
    "MLPClassifier()": {
      "Accuracy": 0.49495370370370373
    },
    "LinearSVC()": {
      "Accuracy": 0.5436574074074074
    }
  },
  "b100d100.csv": {
    "RandomForestClassifier()": {
      "Accuracy": 0.6898611111111111
    },
    "GradientBoostingClassifier()": {
      "Accuracy": 0.6631481481481482
    },
    "DecisionTreeClassifier()": {
      "Accuracy": 0.6636574074074074
    },
    "MLPClassifier()": {
      "Accuracy": 0.5702777777777778
    },
    "LinearSVC()": {
      "Accuracy": 0.6019444444444444
    }
  },
  "b100d30.csv": {
    "RandomForestClassifier()": {
      "Accuracy": 0.7281018518518518
    },
    "GradientBoostingClassifier()": {
      "Accuracy": 0.640462962962963
    },
    "DecisionTreeClassifier()": {
      "Accuracy": 0.6960648148148149
    },
    "MLPClassifier()": {
      "Accuracy": 0.5309259259259259
    },
    "LinearSVC()": {
      "Accuracy": 0.5056018518518518
    }
  },
  "b5000d10.csv": {
    "RandomForestClassifier()": {
      "Accuracy": 0.7751388888888889
    },
    "GradientBoostingClassifier()": {
      "Accuracy": 0.7505555555555555
    },
    "DecisionTreeClassifier()": {
      "Accuracy": 0.7358333333333333
    },
    "MLPClassifier()": {
      "Accuracy": 0.7215277777777778
    },
    "LinearSVC()": {
      "Accuracy": 0.6966666666666667
    }
  },
  "b5000d100.csv": {
    "RandomForestClassifier()": {
      "Accuracy": 0.791712962962963
    },
    "GradientBoostingClassifier()": {
      "Accuracy": 0.7192592592592593
    },
    "DecisionTreeClassifier()": {
      "Accuracy": 0.7887037037037037
    },
    "MLPClassifier()": {
      "Accuracy": 0.727175925925926
    },
    "LinearSVC()": {
      "Accuracy": 0.7065277777777778
    }
  },
  "b5000d30.csv": {
    "RandomForestClassifier()": {
      "Accuracy": 0.8077314814814814
    },
    "GradientBoostingClassifier()": {
      "Accuracy": 0.7805555555555556
    },
    "DecisionTreeClassifier()": {
      "Accuracy": 0.7431481481481481
    },
    "MLPClassifier()": {
      "Accuracy": 0.7346296296296296
    },
    "LinearSVC()": {
      "Accuracy": 0.7193981481481482
    }
  }
}{
  "b1000d10.csv": {
    "RandomForestClassifier()": {
      "Accuracy": 0.7487962962962963
    },
    "GradientBoostingClassifier()": {
      "Accuracy": 0.7518981481481481
    },
    "DecisionTreeClassifier()": {
      "Accuracy": 0.7243518518518518
    },
    "MLPClassifier()": {
      "Accuracy": 0.7308796296296296
    },
    "LinearSVC()": {
      "Accuracy": 0.6585185185185185
    }
  },
  "b1000d100.csv": {
    "RandomForestClassifier()": {
      "Accuracy": 0.7914351851851852
    },
    "GradientBoostingClassifier()": {
      "Accuracy": 0.7058796296296296
    },
    "DecisionTreeClassifier()": {
      "Accuracy": 0.7175
    },
    "MLPClassifier()": {
      "Accuracy": 0.7168055555555556
    },
    "LinearSVC()": {
      "Accuracy": 0.6939814814814815
    }
  },
  "b1000d30.csv": {
    "RandomForestClassifier()": {
      "Accuracy": 0.8149074074074074
    },