{
  "0.2": {
    "AutoSklearn2Classifier(memory_limit=4096, metric=accuracy, n_jobs=-1,\n                       per_run_time_limit=12, time_left_for_this_task=30)": {
      "Accuracy": 0.9901234567901235,
      "Balanced Accuracy": 0.9899231602129386,
      "F1 Micro": 0.9901234567901235,
      "Precision Micro": 0.9901234567901235,
      "Recall Micro": 0.9901234567901235,
      "Runtime": 12.74088383022222
    }
  }
{
  "0.4": {
    "AutoSklearn2Classifier(memory_limit=4096, metric=accuracy, n_jobs=-1,\n                       per_run_time_limit=12, time_left_for_this_task=30)": {
      "Accuracy": 0.9899588477366257,
      "Balanced Accuracy": 0.9896373354482291,
      "F1 Micro": 0.9899588477366257,
      "Precision Micro": 0.9899588477366257,
      "Recall Micro": 0.9899588477366257,
      "Runtime": 12.265235161666665
    }
  }
{
  "0.6": {
    "AutoSklearn2Classifier(memory_limit=4096, metric=accuracy, n_jobs=-1,\n                       per_run_time_limit=12, time_left_for_this_task=30)": {
      "Accuracy": 0.9914403292181072,
      "Balanced Accuracy": 0.9916263893611155,
      "F1 Micro": 0.9914403292181072,
      "Precision Micro": 0.9914403292181072,
      "Recall Micro": 0.9914403292181072,
      "Runtime": 11.85548326633333
    }
  }
}
