{
  "b5000d100.csv": {
    "ASKL": {
      "b5000d30.csv": {
        "Accuracy": 0.5937037037037037
      },
      "b100d10.csv": {
        "Accuracy": 0.4148148148148148
      },
      "b1000d10.csv": {
        "Accuracy": 0.4722222222222222
      },
      "b1000d100.csv": {
        "Accuracy": 0.977037037037037
      },
      "b100d100.csv": {
        "Accuracy": 0.9692592592592593
      },
      "b5000d10.csv": {
        "Accuracy": 0.4888888888888889
      },
      "b1000d30.csv": {
        "Accuracy": 0.5607407407407408
      },
      "b100d30.csv": {
        "Accuracy": 0.45296296296296296
      }
    }
  },
  "b5000d30.csv": {
    "ASKL": {
      "b5000d100.csv": {
        "Accuracy": 0.66
      },
      "b100d10.csv": {
        "Accuracy": 0.48185185185185186
      },
      "b1000d10.csv": {
        "Accuracy": 0.5874074074074074
      },
      "b1000d100.csv": {
        "Accuracy": 0.6592592592592592
      },
      "b100d100.csv": {
        "Accuracy": 0.5914814814814815
      },
      "b5000d10.csv": {
        "Accuracy": 0.6074074074074074
      },
      "b1000d30.csv": {
        "Accuracy": 0.9907407407407407
      },
      "b100d30.csv": {
        "Accuracy": 0.977037037037037
      }
    }
  },
  "b100d10.csv": {
    "ASKL": {
      "b5000d100.csv": {
        "Accuracy": 0.63
      },
      "b5000d30.csv": {
        "Accuracy": 0.6466666666666666
      },
      "b1000d10.csv": {
        "Accuracy": 0.9174074074074074
      },
      "b1000d100.csv": {
        "Accuracy": 0.6292592592592593
      },
      "b100d100.csv": {
        "Accuracy": 0.617037037037037
      },
      "b5000d10.csv": {
        "Accuracy": 0.7077777777777777
      },
      "b1000d30.csv": {
        "Accuracy": 0.6174074074074074
      },
      "b100d30.csv": {
        "Accuracy": 0.6474074074074074
      }
    }
  },
  "b1000d10.csv": {
    "ASKL": {
      "b5000d100.csv": {
        "Accuracy": 0.6422222222222222
      },
      "b5000d30.csv": {
        "Accuracy": 0.6455555555555555
      },
      "b100d10.csv": {
        "Accuracy": 0.9851851851851852
      },
      "b1000d100.csv": {
        "Accuracy": 0.6555555555555556
      },
      "b100d100.csv": {
        "Accuracy": 0.5774074074074074
      },
      "b5000d10.csv": {
        "Accuracy": 0.9962962962962963
      },
      "b1000d30.csv": {
        "Accuracy": 0.6474074074074074
      },
      "b100d30.csv": {
        "Accuracy": 0.6148148148148148
      }
    }
  },
  "b1000d100.csv": {
    "ASKL": {
      "b5000d100.csv": {
        "Accuracy": 0.9688888888888889
      },
      "b5000d30.csv": {
        "Accuracy": 0.6007407407407407
      },
      "b100d10.csv": {
        "Accuracy": 0.605925925925926
      },
      "b1000d10.csv": {
        "Accuracy": 0.5685185185185185
      },
      "b100d100.csv": {
        "Accuracy": 0.98
      },
      "b5000d10.csv": {
        "Accuracy": 0.5396296296296297
      },
      "b1000d30.csv": {
        "Accuracy": 0.6388888888888888
      },
      "b100d30.csv": {
        "Accuracy": 0.6259259259259259
      }
    }
  },
  "b100d100.csv": {
    "ASKL": {
      "b5000d100.csv": {
        "Accuracy": 0.7811111111111111
      },
      "b5000d30.csv": {
        "Accuracy": 0.26185185185185184
      },
      "b100d10.csv": {
        "Accuracy": 0.34703703703703703
      },
      "b1000d10.csv": {
        "Accuracy": 0.3337037037037037
      },
      "b1000d100.csv": {
        "Accuracy": 0.8055555555555556
      },
      "b5000d10.csv": {
        "Accuracy": 0.2751851851851852
      },
      "b1000d30.csv": {
        "Accuracy": 0.3333333333333333
      },
      "b100d30.csv": {
        "Accuracy": 0.3333333333333333
      }
    }
  },
  "b5000d10.csv": {
    "ASKL": {
      "b5000d100.csv": {
        "Accuracy": 0.5922222222222222
      },
      "b5000d30.csv": {
        "Accuracy": 0.6685185185185185
      },
      "b100d10.csv": {
        "Accuracy": 0.9625925925925926
      },
      "b1000d10.csv": {
        "Accuracy": 0.9940740740740741
      },
      "b1000d100.csv": {
        "Accuracy": 0.6403703703703704
      },
      "b100d100.csv": {
        "Accuracy": 0.61
      },
      "b1000d30.csv": {
        "Accuracy": 0.6685185185185185
      },
      "b100d30.csv": {
        "Accuracy": 0.6644444444444444
      }
    }
  },
  "b1000d30.csv": {
    "ASKL": {
      "b5000d100.csv": {
        "Accuracy": 0.5955555555555555
      },
      "b5000d30.csv": {
        "Accuracy": 0.9307407407407408
      },
      "b100d10.csv": {
        "Accuracy": 0.62
      },
      "b1000d10.csv": {
        "Accuracy": 0.6555555555555556
      },
      "b1000d100.csv": {
        "Accuracy": 0.5996296296296296
      },
      "b100d100.csv": {
        "Accuracy": 0.5048148148148148
      },
      "b5000d10.csv": {
        "Accuracy": 0.5185185185185185
      },
      "b100d30.csv": {
        "Accuracy": 0.8825925925925926
      }
    }
  },
  "b100d30.csv": {
    "ASKL": {
      "b5000d100.csv": {
        "Accuracy": 0.5307407407407407
      },
      "b5000d30.csv": {
        "Accuracy": 0.6818518518518518
      },
      "b100d10.csv": {
        "Accuracy": 0.5344444444444445
      },
      "b1000d10.csv": {
        "Accuracy": 0.4603703703703704
      },
      "b1000d100.csv": {
        "Accuracy": 0.5255555555555556
      },
      "b100d100.csv": {
        "Accuracy": 0.6381481481481481
      },
      "b5000d10.csv": {
        "Accuracy": 0.30074074074074075
      },
      "b1000d30.csv": {
        "Accuracy": 0.9077777777777778
      }
    }
  }
}