{
  "b1000d10.csv": {
    "RandomForestClassifier()": {
      "Accuracy": 0.5875462962962963
    },
    "GradientBoostingClassifier()": {
      "Accuracy": 0.574212962962963
    },
    "DecisionTreeClassifier()": {
      "Accuracy": 0.5740740740740741
    },
    "MLPClassifier()": {
      "Accuracy": 0.5047685185185186
    },
    "LinearSVC()": {
      "Accuracy": 0.34300925925925924
    }
  },
  "b1000d100.csv": {
    "RandomForestClassifier()": {
      "Accuracy": 0.6593518518518519
    },
    "GradientBoostingClassifier()": {
      "Accuracy": 0.565
    },
    "DecisionTreeClassifier()": {
      "Accuracy": 0.5901851851851851
    },
    "MLPClassifier()": {
      "Accuracy": 0.6705092592592593
    },
    "LinearSVC()": {
      "Accuracy": 0.6061111111111112
    }
  },
  "b1000d30.csv": {
    "RandomForestClassifier()": {
      "Accuracy": 0.7221296296296297
    },
    "GradientBoostingClassifier()": {
      "Accuracy": 0.6911574074074074
    },
    "DecisionTreeClassifier()": {
      "Accuracy": 0.6229629629629629
    },
    "MLPClassifier()": {
      "Accuracy": 0.5246759259259259
    },
    "LinearSVC()": {
      "Accuracy": 0.5230092592592592
    }
  },
  "b100d10.csv": {
    "RandomForestClassifier()": {
      "Accuracy": 0.7322685185185185
    },
    "GradientBoostingClassifier()": {
      "Accuracy": 0.7374074074074074
    },
    "DecisionTreeClassifier()": {
      "Accuracy": 0.7192592592592593
    },
    "MLPClassifier()": {
      "Accuracy": 0.5747222222222222
    },
    "LinearSVC()": {
      "Accuracy": 0.37699074074074074
    }
  },
  "b100d100.csv": {
    "RandomForestClassifier()": {
      "Accuracy": 0.6543055555555556
    },
    "GradientBoostingClassifier()": {
      "Accuracy": 0.6674074074074074
    },
    "DecisionTreeClassifier()": {
      "Accuracy": 0.6693981481481481
    },
    "MLPClassifier()": {
      "Accuracy": 0.6114814814814815
    },
    "LinearSVC()": {
      "Accuracy": 0.5810185185185185
    }
  },
  "b100d30.csv": {
    "RandomForestClassifier()": {
      "Accuracy": 0.7225925925925926
    },
    "GradientBoostingClassifier()": {
      "Accuracy": 0.6818981481481482
    },
    "DecisionTreeClassifier()": {
      "Accuracy": 0.6052777777777778
    },
    "MLPClassifier()": {
      "Accuracy": 0.5929629629629629
    },
    "LinearSVC()": {
      "Accuracy": 0.4725462962962963
    }
  },
  "b5000d10.csv": {
    "RandomForestClassifier()": {
      "Accuracy": 0.6818055555555556
    },
    "GradientBoostingClassifier()": {
      "Accuracy": 0.7216666666666667
    },
    "DecisionTreeClassifier()": {
      "Accuracy": 0.6391203703703704
    },
    "MLPClassifier()": {
      "Accuracy": 0.3900925925925926
    },
    "LinearSVC()": {
      "Accuracy": 0.3738888888888889
    }
  },
  "b5000d100.csv": {
    "RandomForestClassifier()": {
      "Accuracy": 0.6391666666666667
    },
    "GradientBoostingClassifier()": {
      "Accuracy": 0.5533333333333333
    },
    "DecisionTreeClassifier()": {
      "Accuracy": 0.4684259259259259
    },
    "MLPClassifier()": {
      "Accuracy": 0.6325925925925926
    },
    "LinearSVC()": {
      "Accuracy": 0.5531481481481482
    }
  },
  "b5000d30.csv": {
    "RandomForestClassifier()": {
      "Accuracy": 0.7194907407407407
    },
    "GradientBoostingClassifier()": {
      "Accuracy": 0.6675462962962962
    },
    "DecisionTreeClassifier()": {
      "Accuracy": 0.6191666666666666
    },
    "MLPClassifier()": {
      "Accuracy": 0.6181481481481481
    },
    "LinearSVC()": {
      "Accuracy": 0.5017592592592592
    }
  }
}{
  "b1000d10.csv": {
    "RandomForestClassifier()": {
      "Accuracy": 0.59375
    },
    "GradientBoostingClassifier()": {
      "Accuracy": 0.5743055555555555
    },
    "DecisionTreeClassifier()": {
      "Accuracy": 0.5323611111111111
    },
    "MLPClassifier()": {
      "Accuracy": 0.45143518518518516
    },
    "LinearSVC()": {
      "Accuracy": 0.34300925925925924
    }
  },
  "b1000d100.csv": {
    "RandomForestClassifier()": {
      "Accuracy": 0.7188425925925926
    },
    "GradientBoostingClassifier()": {
      "Accuracy": 0.6006944444444444
    },
    "DecisionTreeClassifier()": {
      "Accuracy": 0.4649074074074074
    },
    "MLPClassifier()": {
      "Accuracy": 0.6195833333333334
    },
    "LinearSVC()": {
      "Accuracy": 0.6061111111111112
    }
  },
  "b1000d30.csv": {
    "RandomForestClassifier()": {
      "Accuracy": 0.7309722222222222
    },
    "GradientBoostingClassifier()": {
      "Accuracy": 0.6914351851851852
    },
    "DecisionTreeClassifier()": {
      "Accuracy": 0.5599074074074074
    },
    "MLPClassifier()": {
      "Accuracy": 0.5250462962962963
    },
    "LinearSVC()": {
      "Accuracy": 0.5230092592592592
    }
  },
  "b100d10.csv": {
    "RandomForestClassifier()": {
      "Accuracy": 0.7306944444444444
    },
    "GradientBoostingClassifier()": {
      "Accuracy": 0.7347222222222223
    },
    "DecisionTreeClassifier()": {
      "Accuracy": 0.5824074074074074
    },
    "MLPClassifier()": {
      "Accuracy": 0.5780092592592593
    },
    "LinearSVC()": {
      "Accuracy": 0.37699074074074074
    }
  },
  "b100d100.csv": {
    "RandomForestClassifier()": {
      "Accuracy": 0.6177314814814815
    },
    "GradientBoostingClassifier()": {
      "Accuracy": 0.6641203703703704
    },
    "DecisionTreeClassifier()": {
      "Accuracy": 0.4006018518518519
    },
    "MLPClassifier()": {
      "Accuracy": 0.5761574074074074
    },
    "LinearSVC()": {
      "Accuracy": 0.5810185185185185
    }
  },
  "b100d30.csv": {
    "RandomForestClassifier()": {
      "Accuracy": 0.7362962962962963
    },
    "GradientBoostingClassifier()": {
      "Accuracy": 0.6842592592592592
    },
    "DecisionTreeClassifier()": {
      "Accuracy": 0.44796296296296295
    },
    "MLPClassifier()": {
      "Accuracy": 0.5990740740740741
    },
    "LinearSVC()": {
      "Accuracy": 0.4725462962962963
    }
  },
  "b5000d10.csv": {
    "RandomForestClassifier()": {
      "Accuracy": 0.6519907407407407
    },
    "GradientBoostingClassifier()": {
      "Accuracy": 0.7216666666666667
    },
    "DecisionTreeClassifier()": {
      "Accuracy": 0.6202777777777778
    },
    "MLPClassifier()": {
      "Accuracy": 0.3865277777777778
    },
    "LinearSVC()": {
      "Accuracy": 0.3738888888888889
    }
  },
  "b5000d100.csv": {
    "RandomForestClassifier()": {
      "Accuracy": 0.6936111111111111
    },
    "GradientBoostingClassifier()": {
      "Accuracy": 0.5428240740740741
    },
    "DecisionTreeClassifier()": {
      "Accuracy": 0.593287037037037
    },
    "MLPClassifier()": {
      "Accuracy": 0.6168518518518519
    },
    "LinearSVC()": {
      "Accuracy": 0.5531481481481482
    }
  },
  "b5000d30.csv": {
    "RandomForestClassifier()": {
      "Accuracy": 0.7302777777777778
    },
    "GradientBoostingClassifier()": {
      "Accuracy": 0.67625
    },
    "DecisionTreeClassifier()": {
      "Accuracy": 0.5541666666666667
    },
    "MLPClassifier()": {
      "Accuracy": 0.6131481481481481
    },
    "LinearSVC()": {
      "Accuracy": 0.5017592592592592
    }
  }
}{
  "b1000d10.csv": {
    "RandomForestClassifier()": {
      "Accuracy": 0.5855555555555556
    },
    "GradientBoostingClassifier()": {
      "Accuracy": 0.574212962962963
    },
    "DecisionTreeClassifier()": {
      "Accuracy": 0.6969907407407407
    },
    "MLPClassifier()": {
      "Accuracy": 0.4543055555555556
    },
    "LinearSVC()": {
      "Accuracy": 0.34300925925925924
    }
  },
  "b1000d100.csv": {
    "RandomForestClassifier()": {
      "Accuracy": 0.6958333333333333
    },
    "GradientBoostingClassifier()": {
      "Accuracy": 0.5621759259259259
    },
    "DecisionTreeClassifier()": {
      "Accuracy": 0.4488888888888889
    },
    "MLPClassifier()": {
      "Accuracy": 0.656712962962963
    },
    "LinearSVC()": {
      "Accuracy": 0.6061111111111112
    }
  },
  "b1000d30.csv": {
    "RandomForestClassifier()": {
      "Accuracy": 0.7337037037037037
    },